,key,id,summary,fixVersions,issuetype,priority,resolution,status.name,linked.testcases,Linked.Cycles
0,AZA-103414,2167258,Policies not getting effective via RTP,"[<JIRA Version: name='Release 15', id='43041'>]",Bug,Blocker,Done,Done,[],[]
1,AZA-99108,1798493,TSTNGCMF user not able to create invoice,"[<JIRA Version: name='Release 15', id='43041'>]",Bug,High,Done,Done,['AZA-T92169'],['AZA-C521']
2,AZA-99104,1797986,Validation is not coming for duplicate cheque number_Taawid,"[<JIRA Version: name='Release 15', id='43041'>]",Bug,High,Done,Done,['AZA-T86099'],['AZA-C514']
3,AZA-99102,1798064,GH-Fleet-Incorrect premiums displayed in coverage details section quotation document-Preprod93,"[<JIRA Version: name='Release 15', id='43041'>]",Bug,High,Done,Done,['AZA-T38902'],['AZA-C509']
4,AZA-99097,1797959,MG_MONO_Policy documnet PH salutation missing and in Debitnote invalid text printed  agent name,"[<JIRA Version: name='Release 15', id='43041'>]",Bug,High,Done,Done,['AZA-T27472'],[]
5,AZA-99095,1798011,NG-Motor-Incorrect premiums getting printed on debit note at application stage.,"[<JIRA Version: name='Release 15', id='43041'>]",Bug,High,Done,Done,['AZA-T67683'],['AZA-C515']
6,AZA-99094,1797597,MONO and fleet incorrect sequence printed on SN document,"[<JIRA Version: name='Release 15', id='43041'>]",Bug,High,Done,Done,['AZA-T26441'],['AZA-C511']
7,AZA-99093,1797589,Fleet Mg_incorrect net and gross premiums getting printed,"[<JIRA Version: name='Release 15', id='43041'>]",Bug,High,Done,Done,['AZA-T38908'],[]
8,AZA-99088,1797562,TSTNGCM9 is able to create Invoice and Payment,"[<JIRA Version: name='Release 15', id='43041'>]",Bug,High,Done,Done,['AZA-T94547'],['AZA-C521']
9,AZA-99087,1797635,GH-Fleet-Incorrect gross premium value is printed on debit note-preprod93,"[<JIRA Version: name='Release 15', id='43041'>]",Bug,High,Done,Done,['AZA-T16792'],['AZA-C509']
10,AZA-99084,1797527,IC_Claims _Affaire field some unknown values printed : cbheE'A IBxpX-k c/ « Tiers »,"[<JIRA Version: name='Release 15', id='43041'>]",Bug,High,Done,Done,"['AZA-T91706', 'AZA-T76886', 'AZA-T76885', 'AZA-T72641', 'AZA-T67702']","['AZA-C510', 'AZA-C510', 'AZA-C510', 'AZA-C510', 'AZA-C510']"
11,AZA-99083,1797600,NG-Minor Date issue on Claim Free template-Preprod93,"[<JIRA Version: name='Release 15', id='43041'>]",Bug,High,Done,Done,['AZA-T60867'],['AZA-C515']
12,AZA-99079,1797360,MA ll Preprod ll Coverages are not displaying under Classes on product page during Renewal,"[<JIRA Version: name='Release 15', id='43041'>]",Bug,High,Done,Done,['AZA-T97534'],['AZA-C514']
13,AZA-99073,1797155,Fleet and MONO IC_ All documents Footer address  section 01 printed twice,"[<JIRA Version: name='Release 15', id='43041'>]",Bug,High,Done,Done,['AZA-T38907'],['AZA-C510']
14,AZA-99072,1797140,"Harmonized Quittance document_G80,G66,G65 endorsement_PTA premium should be printed in asctric rather than 0.00","[<JIRA Version: name='Release 15', id='43041'>]",Bug,High,Done,Done,['AZA-T36871'],['AZA-C514']
15,AZA-99071,1796976,GH Comm | RI | Reinsurance Treaty and Facultative policies are not getting effective,"[<JIRA Version: name='Release 15', id='43041'>]",Bug,High,Done,Done,['AZA-T92586'],['AZA-C516']
16,AZA-99069,1796942,"Wrong validation message is displayed on selecting ""Hospitallity Daily Coast"" class while individual contract creation_Ghana","[<JIRA Version: name='Release 15', id='43041'>]",Bug,High,Done,Done,[],[]
17,AZA-99042,1796566,NL - LOB value is not getting displayed for UPR/UPR DIFF and DAC/DAC DIFF transactions,"[<JIRA Version: name='Release 15', id='43041'>]",Bug,High,Done,Done,['AZA-T85945'],[]
18,AZA-99037,1796357,Assignment type-Transaction offer is missing for user TSTNGCMF,"[<JIRA Version: name='Release 15', id='43041'>]",Bug,High,Done,Done,['AZA-T92169'],['AZA-C521']
19,AZA-99035,1796504,Mismatch in gross premium value displayed in Policy schedule for leasing fleet,"[<JIRA Version: name='Release 15', id='43041'>]",Bug,High,Done,Done,['AZA-T94223'],['AZA-C512']
20,AZA-99031,1796159,Incorrect Footer details displayed for policy schedule of Cameroon in English,"[<JIRA Version: name='Release 15', id='43041'>]",Bug,High,Done,Done,"['AZA-T52538', 'AZA-T38909']","['AZA-C512', 'AZA-C512']"
21,AZA-99021,1795625,MA|| Preprod|| Able to delete uploaded documents during technical amendment,"[<JIRA Version: name='Release 15', id='43041'>]",Bug,High,Done,Done,[],[]
22,AZA-99000,1795514,CM|| Preprod|| Mobile money for MTN operator is not working from Portal,"[<JIRA Version: name='Release 15', id='43041'>]",Bug,High,Done,Done,"['AZA-T92556', 'AZA-T90607']","['AZA-C512', 'AZA-C512']"
23,AZA-98998,1795291,Minor cosmetic issues in Pink certificate for Cameroon Motor-Fleet/Mono,"[<JIRA Version: name='Release 15', id='43041'>]",Bug,High,Done,Done,['AZA-T36854'],['AZA-C512']
24,AZA-98937,1794518,MA|| FNOL|| Able to delete the newly added file during  retrieval case,"[<JIRA Version: name='Release 15', id='43041'>]",Bug,High,Done,Done,[],[]
25,AZA-98931,1793842,NG-Fleet- Emails not getting triggered via RTP on preprod93,"[<JIRA Version: name='Release 15', id='43041'>]",Bug,High,Done,Done,['AZA-T94357'],['AZA-C515']
26,AZA-98898,1791907,Non tech Amendment||Duplicata with fees GEA M04|| Certificate number is  not printing correctly on certificate document,"[<JIRA Version: name='Release 15', id='43041'>]",Bug,High,Done,Done,[],[]
27,AZA-98895,1791807,NG_Details of contract are visible on NIID portal even after suspension.,"[<JIRA Version: name='Release 15', id='43041'>]",Bug,Major,Done,Done,['AZA-T98540'],['AZA-C613']
28,AZA-98891,1791634,File upload service is not working for contracts/Claims in Preprod-93,"[<JIRA Version: name='Release 15', id='43041'>]",Bug,High,Done,Done,[],[]
29,AZA-98886,1791251,"TSTICFI2_Person Creation is NO , but TSTICFI2 is able to create ","[<JIRA Version: name='Release 15', id='43041'>]",Bug,High,Done,Done,['AZA-T98777'],['AZA-C517']
30,AZA-98884,1791240,SN Commercial - Footer details are not coming correctly,"[<JIRA Version: name='Release 15', id='43041'>]",Bug,Minor,Done,Done,['AZA-T60368'],['AZA-C518']
31,AZA-98874,1790956,NG | Policy number is getting added in the subject line of payment confirmation mail received for commercial contracts,"[<JIRA Version: name='Release 15', id='43041'>]",Bug,High,Done,Done,[],[]
32,AZA-98866,1788282,NG-Motor-Effective date missing on insurance certificate. ,"[<JIRA Version: name='Release 15', id='43041'>]",Bug,High,Done,Done,[],[]
33,AZA-98854,1780798,"For person names having French characters, getting issue from FMSAR service","[<JIRA Version: name='Release 15', id='43041'>]",Bug,High,Done,Done,[],[]
34,AZA-98852,1780936,IC ll Preprod ll Not able to login IC OE as we are getting 'Invalid Username or Password' while login ,"[<JIRA Version: name='Release 15', id='43041'>]",Bug,Blocker,Done,Done,[],[]
35,AZA-98788,1770646,IC||Test|| Mobile money is not working for MOOV n MTN operator,"[<JIRA Version: name='Release 15', id='43041'>]",Bug,High,Done,Done,['AZA-T24924'],[]
36,AZA-98691,1761744,NG Subsequent batch - Attachments are missing in email after payment is done,"[<JIRA Version: name='Release 15', id='43041'>]",Bug,High,Done,Done,[],[]
37,AZA-98686,1761862,MA|| Registration type should be manditory for both usage of D8 vehicle type,"[<JIRA Version: name='Release 15', id='43041'>]",Bug,High,Done,Done,[],[]
38,AZA-98684,1761855,Policies not getting effective via RTP,"[<JIRA Version: name='Release 15', id='43041'>]",Bug,Blocker,Done,Done,[],[]
39,AZA-98683,1761667,"All OE || First name, last name and DOB are not displayed in Renewal dashboard","[<JIRA Version: name='Release 15', id='43041'>]",Bug,High,Done,Done,[],[]
40,AZA-98660,1717458,MA_Validation getting displayed in English for French language,"[<JIRA Version: name='Release 15', id='43041'>]",Bug,Minor,Done,Done,['AZA-T98656'],['AZA-C613']
41,AZA-98655,1699282,GH_IC_Not able to login to PreProd Protral after enter Username and Password,"[<JIRA Version: name='Release 15', id='43041'>]",Bug,Blocker,Done,Done,"['AZA-T96354', 'AZA-T96347']","['AZA-C613', 'AZA-C613']"
42,AZA-98489,1650075,IC_Commercial_City name 'Abidjan' is written wrong in documents where it's mentioned,"[<JIRA Version: name='Release 15', id='43041'>]",Bug,High,Done,Done,[],[]
43,AZA-98456,1649033,MA ll Test ll Coverages Premium are not getting printed on quotation document ,"[<JIRA Version: name='Release 15', id='43041'>]",Bug,High,Done,Done,[],[]
44,AZA-98454,1648973,NG-Motor-Quotation document is not displayed in template section-test91,"[<JIRA Version: name='Release 15', id='43041'>]",Bug,High,Done,Done,[],[]
45,AZA-98442,1648901,Test|| MA|| G91- User is not navigated to vehicle page when amendment type is selected and clicked on Proceed,"[<JIRA Version: name='Release 15', id='43041'>]",Bug,Blocker,Done,Done,[],[]
46,AZA-98407,1648369,UAT-Life- CM - Error log trigger in English language for NIU less than and greater than 14 digit for Master Contract creation.,"[<JIRA Version: name='Release 15', id='43041'>]",Bug,High,Done,Done,['AZA-T98207'],['AZA-C211']
47,AZA-98391,1647434,Debit Note - Fleet Renewal : Premium amount not displayed ,"[<JIRA Version: name='Release 15', id='43041'>]",Bug,High,Done,Done,[],[]
48,AZA-98385,1647003,Getting application crash _while apporving PS_from worklist_CMD user_MA || Preprod,"[<JIRA Version: name='Release 15', id='43041'>]",Bug,High,Done,Done,[],[]
49,AZA-98384,1646900,NG_Renewal Fleet policy document_Cancelled child entry should not be printed on document,"[<JIRA Version: name='Release 15', id='43041'>]",Bug,High,Done,Done,[],[]
50,AZA-98380,1646710,"SN|| Mobile money||Free Money is not working from Portal,Getting technical error on click of Buy now but money is deducted from account","[<JIRA Version: name='Release 15', id='43041'>]",Bug,Blocker,Done,Done,"['AZA-T90227', 'AZA-T105689', 'AZA-T105690']",['AZA-C613']
51,AZA-98369,1646300,NG_Commercial_Motor Debit Note document is present for Commercial Contract - On Demand,"[<JIRA Version: name='Release 15', id='43041'>]",Bug,High,Done,Done,['AZA-T93282'],['AZA-C614']
52,AZA-98343,1646013,MA|| Test|| Premium is not getting displayed in Product page correctly,"[<JIRA Version: name='Release 15', id='43041'>]",Bug,High,Done,Done,[],[]
53,AZA-98341,1645642,SN_FE_Sum insured not getting updated after recalculate for Dommages,"[<JIRA Version: name='Release 15', id='43041'>]",Bug,Major,Done,Done,['AZA-T98316'],['AZA-C613']
54,AZA-98313,1645099,NG Fleet_Import option is disabled while renewing the master fleet policy ,"[<JIRA Version: name='Release 15', id='43041'>]",Bug,High,Done,Done,[],[]
55,AZA-98283,1644369,VAT is not getting declined when we decline limit exceeded PS,"[<JIRA Version: name='Release 15', id='43041'>]",Bug,High,Done,Done,"['AZA-T98291', 'AZA-T98154']","['AZA-C122', 'AZA-C607']"
56,AZA-98260,1643997,MA|| Looking for NB page on opening New GEA quotation or open layer which is created For New GEA,"[<JIRA Version: name='Release 15', id='43041'>]",Bug,High,Done,Done,[],[]
57,AZA-98256,1643926,GH & NG Comm_RI | Getting Application crash for USD Currency,"[<JIRA Version: name='Release 15', id='43041'>]",Bug,Major,Done,Done,[],[]
58,AZA-98192,1642071,Application crash on Entering Login credentials for Test Environment,"[<JIRA Version: name='Release 15', id='43041'>]",Bug,Blocker,Done,Done,[],[]
59,AZA-98191,1642220,"Application getting crash _After login to ""Test"" Env .","[<JIRA Version: name='Release 15', id='43041'>]",Bug,Blocker,Done,Done,[],[]
60,AZA-98183,1642057,Getting Application crash after entering login credentials on Test envrionment,"[<JIRA Version: name='Release 15', id='43041'>]",Bug,Blocker,Done,Done,[],[]
61,AZA-98179,1642055,Getting a Application crash after adding login credentials on Test envrionment_RAP_Portal,"[<JIRA Version: name='Release 15', id='43041'>]",Bug,Blocker,Done,Done,[],[]
62,AZA-98162,1608218,IC_Commercial-Incorrect commission rates are getting displayed in ABS for Tied agents and Banc assurance,"[<JIRA Version: name='Release 15', id='43041'>]",Bug,High,Done,Done,"['AZA-T95947', 'AZA-T96967']",[]
63,AZA-98149,1608036,NG_FleetApplication crash on recalcalute while creating child policy,"[<JIRA Version: name='Release 15', id='43041'>]",Bug,Blocker,Done,Done,[],[]
64,AZA-98135,1607817,NG-Fleet-Renewal-Incorrect  renewal premium displayed on debit Note_ Manual Renewal Scenario.,"[<JIRA Version: name='Release 15', id='43041'>]",Bug,High,Done,Done,[],[]
65,AZA-98128,1607574,MA ll Test ll All vehicle usage types are not displaying and also registration type dropdown is not getting refresh during vehicle change in back n forth scenario,"[<JIRA Version: name='Release 15', id='43041'>]",Bug,High,Done,Done,[],[]
66,AZA-98111,1607268,MA ll Test ll 'Engine power can not be greater than 0' validation is not showing for D1 vehicle on get quote button if we enter power value more than 0,"[<JIRA Version: name='Release 15', id='43041'>]",Bug,High,Done,Done,"['AZA-T98659', 'AZA-T98661']",['AZA-C613']
67,AZA-98067,1606425,NG | No Validation triggered while assigning USD Bancassurance as account manager to NGN Agent banca from commission account,"[<JIRA Version: name='Release 15', id='43041'>]",Bug,High,Done,Done,['AZA-T98388'],[]
68,AZA-98052,1605863,MA|| Test|| GEA (G80)|| Amendment is going in to Approval state once we click on buy now for a contract created for vehicle type as D8,"[<JIRA Version: name='Release 15', id='43041'>]",Bug,High,Done,Done,['AZA-T97845'],['AZA-C613']
69,AZA-98045,1605751,NG | Able to create Motor contract using USD Agent,"[<JIRA Version: name='Release 15', id='43041'>]",Bug,High,Done,Done,['AZA-T92633'],[]
70,AZA-98038,1605744,NG Commercial - Application is crashing while saving data on product page.,"[<JIRA Version: name='Release 15', id='43041'>]",Bug,High,Done,Done,[],[]
71,AZA-98029,1605695,Doc_code_mapping for file name  showing incorrect in sectrans_MA,"[<JIRA Version: name='Release 15', id='43041'>]",Bug,High,Done,Done,"['AZA-T97544', 'AZA-T97538']","['AZA-C183', 'AZA-C183']"
72,AZA-98021,1605536,NG_Renewal fleet policy document_Incorrect PH bank name getting printed,"[<JIRA Version: name='Release 15', id='43041'>]",Bug,High,Done,Done,[],[]
73,AZA-98012,1605158,MA_Not able to BO forward application for short term contracts after G80 amendment,"[<JIRA Version: name='Release 15', id='43041'>]",Bug,Blocker,Done,Done,"['AZA-T97843', 'AZA-T97743', 'AZA-T97741', 'AZA-T97738', 'AZA-T97736', 'AZA-T97698']","['AZA-C613', 'AZA-C613', 'AZA-C613', 'AZA-C613', 'AZA-C613', 'AZA-C613']"
74,AZA-98008,1604861,"Child policies are not getting created, error logs are getting generated for insurance rate field.","[<JIRA Version: name='Release 15', id='43041'>]",Bug,High,Done,Done,[],[]
75,AZA-98003,1604660,NG_Renewal Fleet policy document_annexure part_instead of policy no the text printed as   RENDOC N°,"[<JIRA Version: name='Release 15', id='43041'>]",Bug,High,Done,Done,[],[]
76,AZA-97999,1604834,"Unable to create policy as error ""SEN_TTD.PRA: Error in control file. Repeat the installation!"" triggered when clicked on recalculate button","[<JIRA Version: name='Release 15', id='43041'>]",Bug,High,Done,Done,"['AZA-T64781', 'AZA-T64781']","['AZA-C305', 'AZA-C305']"
77,AZA-97998,1604651,Getting a Application crash while adding 'Recourse' Document type,"[<JIRA Version: name='Release 15', id='43041'>]",Bug,High,Done,Done,[],[]
78,AZA-97995,1604627,Application crash after  selecting the payment type ,"[<JIRA Version: name='Release 15', id='43041'>]",Bug,Blocker,Done,Done,"['AZA-T98027', 'AZA-T70019', 'AZA-T70019']","['AZA-C308', 'AZA-C305', 'AZA-C305']"
79,AZA-97962,1603965,MA||G91|| Looking for Buy Now disable if the uploaded document count is more than 10 which is uploded during (NB+New GEA),"[<JIRA Version: name='Release 15', id='43041'>]",Bug,High,Done,Done,[],[]
80,AZA-97957,1603693,Manual free text clauses added in agreement at class level are not displayed in the Policy schedule of IC Commercial,"[<JIRA Version: name='Release 15', id='43041'>]",Bug,High,Done,Done,[],[]
81,AZA-97947,1603547,IC_Claims_unable to do payout for payment rebooking to customer account,"[<JIRA Version: name='Release 15', id='43041'>]",Bug,High,Done,Done,['AZA-T97943'],['AZA-C614']
82,AZA-97939,1603271,Claims' Document are not getting capture in sectrans_if document upload on next day or another day_MA,"[<JIRA Version: name='Release 15', id='43041'>]",Bug,Major,Done,Done,"['AZA-T97544', 'AZA-T97538', 'AZA-T97532', 'AZA-T97531']","['AZA-C183', 'AZA-C183', 'AZA-C183', 'AZA-C183']"
83,AZA-97915,1602989,The “Garantie” column is missing Coassurance table in mock up document as well as policy schedule of IC Commercial,"[<JIRA Version: name='Release 15', id='43041'>]",Bug,High,Done,Done,[],[]
84,AZA-97914,1602773,File name document upload_showing incorrect on sectrans_MA,"[<JIRA Version: name='Release 15', id='43041'>]",Bug,Major,Done,Done,['AZA-T97544'],['AZA-C183']
85,AZA-97913,1602862,CM_Commercial_Renewal policy document (french)_Issues in coinsurance part,"[<JIRA Version: name='Release 15', id='43041'>]",Bug,High,Done,Done,[],[]
86,AZA-97912,1602728,IC | COmmercial | Accessory Fess for Agent not avaialble on COmm Book For International Brokers (9650),"[<JIRA Version: name='Release 15', id='43041'>]",Bug,High,Done,Done,[],[]
87,AZA-97910,1602497,NG-Motor-Application getting crash on continue button while generating motor certificate and policy document through on demand,"[<JIRA Version: name='Release 15', id='43041'>]",Bug,High,Done,Done,[],[]
88,AZA-97906,1602422,"""Rebooking to comm account"" option is getting displayed payment channel dropdown in commission account ","[<JIRA Version: name='Release 15', id='43041'>]",Bug,Minor,Done,Done,[],[]
89,AZA-97905,1602417,IC | Commercial | Accessory fee for agent is not getting displayed in commission booking for Field agents (9425),"[<JIRA Version: name='Release 15', id='43041'>]",Bug,High,Done,Done,[],[]
90,AZA-97902,1602551,IC | When we are creating commercial contract then mobile money filed is present in payment type of collection page   ,"[<JIRA Version: name='Release 15', id='43041'>]",Bug,High,Done,Done,[],[]
91,AZA-97901,1602413,"IC | Commercial | Getting validation ""Please Enter Correct Agent Scheme"" while creating commission account  creating with I17 scheme","[<JIRA Version: name='Release 15', id='43041'>]",Bug,High,Done,Done,[],[]
92,AZA-97892,1600867,Fleet_In child policy incorrect vehicle types and usages are listed for a respective product packages,"[<JIRA Version: name='Release 15', id='43041'>]",Bug,Minor,Done,Done,[],[]
93,AZA-97887,1600639,Manual free text clauses are coming automatically in the Policy schedule of IC Commercial,"[<JIRA Version: name='Release 15', id='43041'>]",Bug,Major,Done,Done,[],[]
94,AZA-97867,1600556,Truncated email address and extra space issue in policy schedule of IC Commercial,"[<JIRA Version: name='Release 15', id='43041'>]",Bug,Minor,Done,Done,[],[]
95,AZA-97864,1600465,MA ll Test ll Getting 'Sahara discount is not applicable for this Commune.' validation message on get quote if we add driver during Legal person contract creation,"[<JIRA Version: name='Release 15', id='43041'>]",Bug,High,Done,Done,[],[]
96,AZA-97813,1600043,Foreign currency USD is not shown in RI detail tab,"[<JIRA Version: name='Release 15', id='43041'>]",Bug,High,Done,Done,[],[]
97,AZA-97808,1599798,NG | Multicurrency | Car Dealers | Brokers | Remove CLass Amendment - Contract not Getting Effective for Single PF,"[<JIRA Version: name='Release 15', id='43041'>]",Bug,High,Done,Done,[],[]
98,AZA-97800,1599852,NG-Motor-Application getting crash on continue button while generating debit note Via On demand-Test91,"[<JIRA Version: name='Release 15', id='43041'>]",Bug,High,Done,Done,[],[]
99,AZA-97795,1599723,NG ll Test ll Getting 'Technical Error has occurred. Please reach out to the Support Team or try again later.' message while generating debit note document on summary page,"[<JIRA Version: name='Release 15', id='43041'>]",Bug,High,Done,Done,[],[]
100,AZA-97791,1599832,Quit application error is triggered while saving contract after performing cancellation(G08) amendment,"[<JIRA Version: name='Release 15', id='43041'>]",Bug,Blocker,Done,Done,[],[]
101,AZA-97772,1598891,Few format document type is not accepting_Doc upload sectrans _MA,"[<JIRA Version: name='Release 15', id='43041'>]",Bug,Minor,Done,Done,"['AZA-T97546', 'AZA-T97532']","['AZA-C183', 'AZA-C183']"
102,AZA-97767,1598951,Application crash while claim payout for SL,"[<JIRA Version: name='Release 15', id='43041'>]",Bug,High,Done,Done,[],[]
103,AZA-97754,1598817,NG Fleet Insurance certificate - Application is crashing while generating Insurance certificate for fleet policy ,"[<JIRA Version: name='Release 15', id='43041'>]",Bug,High,Done,Done,[],[]
104,AZA-97685,1598415,NG_SMS for fleet cancellation is not triggered for some policies,"[<JIRA Version: name='Release 15', id='43041'>]",Bug,High,Done,Done,"['AZA-T97748', 'AZA-T97874', 'AZA-T97878', 'AZA-T97882']",['AZA-C228']
105,AZA-97684,1598368,"MA|| New GEA option|| Not looking for delta amount is fetched on amednment page,Getting validation on buy now for PPR contract related to ppr no n amount","[<JIRA Version: name='Release 15', id='43041'>]",Bug,Blocker,Done,Done,"['AZA-T97852', 'AZA-T97845']","['AZA-C613', 'AZA-C613']"
106,AZA-97658,1598038,Alignment issue with clauses displayed in Policy schedule of IC Commercial,"[<JIRA Version: name='Release 15', id='43041'>]",Bug,Minor,Done,Done,[],[]
107,AZA-97517,1590450,Test Environment is not accessible,"[<JIRA Version: name='Release 15', id='43041'>]",Bug,Blocker,Done,Done,[],[]
108,AZA-97446,1548929,IC | Postal transfer is getting displayed as the payout option during claim payout,"[<JIRA Version: name='Release 15', id='43041'>]",Bug,High,Done,Done,[],[]
109,AZA-97436,1548569,COMMERCIAL | RI | Able to Add RI in 'Application Complete' State,"[<JIRA Version: name='Release 15', id='43041'>]",Bug,High,Done,Done,[],[]
110,AZA-97337,1547302,IC-commercial-Endorsement type should be printed on debit note ,"[<JIRA Version: name='Release 15', id='43041'>]",Bug,High,Done,Done,[],[]
111,AZA-97328,1546671,IC-Commercial : Signed document schedule task is not getting generated.,"[<JIRA Version: name='Release 15', id='43041'>]",Bug,High,Done,Done,['AZA-T95116'],['AZA-C614']
112,AZA-97324,1546789,Test env is responding slow and getting terminated ,"[<JIRA Version: name='Release 15', id='43041'>]",Bug,Blocker,Done,Done,[],[]
113,AZA-97287,1546118,Batch down on Test-91,"[<JIRA Version: name='Release 15', id='43041'>]",Bug,High,Done,Done,[],[]
114,AZA-97281,1545672,Child policies not getting created through Bulk Upload,"[<JIRA Version: name='Release 15', id='43041'>]",Bug,High,Done,Done,[],[]
115,AZA-97238,1545263,User is getting application error while generating Policy schedule for IC Commercial,"[<JIRA Version: name='Release 15', id='43041'>]",Bug,High,Done,Done,[],[]
116,AZA-97230,1545317,SN | Mobile Money | Validation Message not available for Premium < 100,"[<JIRA Version: name='Release 15', id='43041'>]",Bug,High,Done,Done,['AZA-T97471'],[]
117,AZA-97222,1545062,Incorrect validation is thrown enter correct net leasing premium,"[<JIRA Version: name='Release 15', id='43041'>]",Bug,Major,Done,Done,[],[]
118,AZA-97221,1545059,Unable to login on Test env.,"[<JIRA Version: name='Release 15', id='43041'>]",Bug,Blocker,Done,Done,[],[]
119,AZA-97107,1542704,Claim is not picked up by the Post processing batch.,"[<JIRA Version: name='Release 15', id='43041'>]",Bug,Minor,Done,Done,['AZA-T96089'],['AZA-C590']
120,AZA-97053,1541820,Application crash error while logging in to PREPROD RAP,"[<JIRA Version: name='Release 15', id='43041'>]",Bug,Blocker,Done,Done,"['AZA-T96487', 'AZA-T96486']","['AZA-C614', 'AZA-C614']"
121,AZA-97048,1540977,MG Claim free template - Footer is not coming correctly,"[<JIRA Version: name='Release 15', id='43041'>]",Bug,High,Done,Done,[],[]
122,AZA-96992,1539776,Few domain values are not available for _French_IC _Commercial ,"[<JIRA Version: name='Release 15', id='43041'>]",Bug,Major,Done,Done,"['AZA-T96976', 'AZA-T96974']","['AZA-C590', 'AZA-C590']"
123,AZA-96975,1539806,NG Fleet - Insurance Certificate - An extra page with same details is coming with Insurance certificate,"[<JIRA Version: name='Release 15', id='43041'>]",Bug,High,Done,Done,[],[]
124,AZA-96936,1538517,MA|| New Amendment option|| Not Looking for at least 1 certificate update manditory validation on Buy now for GEA with Fees n Temp Certificate delivery type of non tech amendment,"[<JIRA Version: name='Release 15', id='43041'>]",Bug,Major,Done,Done,['AZA-T97856'],['AZA-C613']
125,AZA-96811,1537866,"""Possible duplicate PS "" are not getting auto approved _IC_Commercial","[<JIRA Version: name='Release 15', id='43041'>]",Bug,Major,Done,Done,"['AZA-T96741', 'AZA-T96670', 'AZA-T96668']","['AZA-C590', 'AZA-C590', 'AZA-C590']"
126,AZA-96803,1537917,Getting Escalation message on creating IC Commercial and Motor policies,"[<JIRA Version: name='Release 15', id='43041'>]",Bug,Blocker,Done,Done,['AZA-T95184'],['AZA-C614']
127,AZA-96795,1537157,TSTICCM2 is able to approve ZAHLG process slip of greater than its limit,"[<JIRA Version: name='Release 15', id='43041'>]",Bug,High,Done,Done,"['AZA-T96301', 'AZA-T96095']","['AZA-C590', 'AZA-C590']"
128,AZA-96792,1537219,"TSTICCM4 user unable to approve "" Payment final approval ""PS_IC_commercial ","[<JIRA Version: name='Release 15', id='43041'>]",Bug,Blocker,Done,Done,"['AZA-T96324', 'AZA-T96302', 'AZA-T96104']","['AZA-C590', 'AZA-C590', 'AZA-C590']"
129,AZA-96789,1536984,IC Commercial_Claim_TSTICCM4 is not able to approve process slips for final approval,"[<JIRA Version: name='Release 15', id='43041'>]",Bug,Minor,Done,Done,"['AZA-T96153', 'AZA-T96154', 'AZA-T96652', 'AZA-T96653', 'AZA-T96654']",[]
130,AZA-96776,1536331,CM_Commercial_Renewal Policy Document french _footer getting overlapped in to the content of page no 4,"[<JIRA Version: name='Release 15', id='43041'>]",Bug,Minor,Done,Done,[],[]
131,AZA-96775,1536480,All OE|| Test|| Able to upload invalid document types in the file upload component,"[<JIRA Version: name='Release 15', id='43041'>]",Bug,High,Done,Done,[],[]
132,AZA-96735,1535632,Not able to login into PreProd RAP - 404 error,"[<JIRA Version: name='Release 15', id='43041'>]",Bug,Blocker,Done,Done,"['AZA-T96266', 'AZA-T95056']","['AZA-C614', 'AZA-C614']"
133,AZA-96722,1535510,SN - Commercial - Getting error when trying to generate Policy document via on demand,"[<JIRA Version: name='Release 15', id='43041'>]",Bug,High,Done,Done,[],[]
134,AZA-96706,1535252,IC Commercial | Process slip validation of backdated contract is not translated to French,"[<JIRA Version: name='Release 15', id='43041'>]",Bug,Major,Done,Done,['AZA-T96778'],[]
135,AZA-96699,1535034,IC_COMM_Amendment types G64 (suspension))and G02(reinstatement) is not available,"[<JIRA Version: name='Release 15', id='43041'>]",Bug,Blocker,Done,Done,[],[]
136,AZA-96661,1504713,NG-Fleet-Renewal-Incorrect renewal premium due amount displayed on debit note,"[<JIRA Version: name='Release 15', id='43041'>]",Bug,High,Done,Done,[],[]
137,AZA-96656,1504627,cannot find claim follow up in claim->schedule task list,"[<JIRA Version: name='Release 15', id='43041'>]",Bug,Blocker,Done,Done,[],[]
138,AZA-96639,1504437,TSTICCM4 unable to approve Payment final approval,"[<JIRA Version: name='Release 15', id='43041'>]",Bug,Major,Done,Done,[],[]
139,AZA-96615,1504428,IC Comm | All the classes are not translated to French for Inward Coinsurance,"[<JIRA Version: name='Release 15', id='43041'>]",Bug,Major,Done,Done,[],[]
140,AZA-96608,1504280,IC Comm_Missing sub-coverages for inward coinsurance,"[<JIRA Version: name='Release 15', id='43041'>]",Bug,Major,Done,Done,[],[]
141,AZA-96585,1504252,IC and CM Comm_Association Rule not applicable for inward Co-insurance,"[<JIRA Version: name='Release 15', id='43041'>]",Bug,Major,Done,Done,['AZA-T96640'],['AZA-C590']
142,AZA-96571,1504206,IC Comm_'Product Liability' class is missing in inward co-insurance,"[<JIRA Version: name='Release 15', id='43041'>]",Bug,Blocker,Done,Done,['AZA-T96401'],['AZA-C590']
143,AZA-96555,1503633,"IC Commercial_Finance usesr _while doing payout the error message appears on the screen as ""No authorisation""","[<JIRA Version: name='Release 15', id='43041'>]",Bug,Minor,Done,Done,[],[]
144,AZA-96474,1502781,"MA_ Incorrect dates getting displayed on 114,1119 quittance document_","[<JIRA Version: name='Release 15', id='43041'>]",Bug,Minor,Done,Done,[],[]
145,AZA-96428,1502378,IC Comm_Inward co-insurance policy is not getting effective,"[<JIRA Version: name='Release 15', id='43041'>]",Bug,Blocker,Done,Done,[],[]
146,AZA-96412,1502347,IC- Claim Approval matrix - Claim payment limits not working correctly,"[<JIRA Version: name='Release 15', id='43041'>]",Bug,Blocker,Done,Done,[],[]
147,AZA-96411,1502506,IC | Commercial | Payout button is disabled  while rebooking from contract to contract via Worklist -> balance using Finance user      ,"[<JIRA Version: name='Release 15', id='43041'>]",Bug,Major,Done,Done,[],[]
148,AZA-96408,1502403,MA|| Test|| Unable to open RTP generated document on Thank you page for temp certificate delivery new option,"[<JIRA Version: name='Release 15', id='43041'>]",Bug,Major,Done,Done,[],[]
149,AZA-96407,1502316,IC Commercial_Payment limit exceed process slip is not getting generated,"[<JIRA Version: name='Release 15', id='43041'>]",Bug,Minor,Done,Done,"['AZA-T96155', 'AZA-T96152', 'AZA-T96153', 'AZA-T96154']",['AZA-C590']
150,AZA-96400,1502266,MA|| Looking for payment type n ref no field enable for the agent collection contract number while doing newly implimented amendment type ,"[<JIRA Version: name='Release 15', id='43041'>]",Bug,Minor,Done,Done,[],[]
151,AZA-96393,1502244,MA|| Not looking for File upload manditory and also looking for delete document button enable while doing duplicate with fees new and also for temporary certificate new,"[<JIRA Version: name='Release 15', id='43041'>]",Bug,Minor,Done,Done,[],[]
152,AZA-96365,1502025,MA ll Test ll Natural person contract result is not getting search if we search by using Name and CIN on Claim dashboard,"[<JIRA Version: name='Release 15', id='43041'>]",Bug,High,Done,Done,[],[]
153,AZA-96358,1501771,"Test||MA,CM,IC,MG,SN|| Special characters are displayed in the validation pop ups displayed in French language","[<JIRA Version: name='Release 15', id='43041'>]",Bug,High,Done,Done,[],[]
154,AZA-96345,1501826,MA|| Getting Certificate consumed validation for all old added certificate on click of validate button during Duplicate with fees(New) and Temporary certificate delivery (New) Option,"[<JIRA Version: name='Release 15', id='43041'>]",Bug,High,Done,Done,[],[]
155,AZA-96339,1501813,"MA|| Test|| Getting ""Please enter Sub reason for the endorsement "" on click of buy now for Duplicate with Fees (Using New  Option)","[<JIRA Version: name='Release 15', id='43041'>]",Bug,High,Done,Done,[],[]
156,AZA-96257,1501089,IC Commercial | Incorrect validation is thrown on selecting Machine Breakdown class ,"[<JIRA Version: name='Release 15', id='43041'>]",Bug,Major,Done,Done,[],[]
157,AZA-96245,1501267,IC Comm_ Payment Frequency not updated automatically from Single to Yearly while renewing comm. policy,"[<JIRA Version: name='Release 15', id='43041'>]",Bug,Major,Done,Done,[],[]
158,AZA-96119,1500626,TSTNGCMF/CME/CMC are not having access to hotfix-94,"[<JIRA Version: name='Release 15', id='43041'>]",Bug,High,Done,Done,[],[]
159,AZA-95772,1496789,IC Commercial | Mismatch in the Public/General Liability class in Product Structure sheet in French Version,"[<JIRA Version: name='Release 15', id='43041'>]",Bug,Major,Done,Done,[],[]
160,AZA-95759,1497106,"MA | Incorrect dates are displayed in commission booking  in case of amendment on Half yearly, Quarterly & Monthly contracts","[<JIRA Version: name='Release 15', id='43041'>]",Bug,Minor,Done,Done,[],[]
161,AZA-95587,1496378,UW Config_ TSTICUW4 and TSTICUW6 - portal access is yes but not able to access portal,"[<JIRA Version: name='Release 15', id='43041'>]",Bug,Minor,Done,Done,[],[]
162,AZA-95582,1496265,"IC,MG,CM,SN|| Test|| Getting error while changing Natural owner to legal owner during back & forth and retrievel","[<JIRA Version: name='Release 15', id='43041'>]",Bug,High,Done,Done,[],[]
163,AZA-95530,1496332,IC Comm_Unkown error while renewing the policy,"[<JIRA Version: name='Release 15', id='43041'>]",Bug,Blocker,Done,Done,[],[]
164,AZA-95505,1495836,MA ll Test ll Contract creation is blocked as we getting '504 Gateway Time-out' error / Null pointer exception on get quote,"[<JIRA Version: name='Release 15', id='43041'>]",Bug,Blocker,Done,Done,[],[]
165,AZA-95251,1495077,GRP - LM - Incorrect values displayed in BEC9 column in the GRP file.,"[<JIRA Version: name='Release 15', id='43041'>]",Bug,High,Done,Done,[],[]
166,AZA-95205,1494447,Finance Orga_Discrepency in access rights of the users,"[<JIRA Version: name='Release 15', id='43041'>]",Bug,Minor,Done,Done,"['AZA-T95761', 'AZA-T95764', 'AZA-T95765']",[]
167,AZA-95203,1494433,"For Fire building class ,difference in RAP and Provided excel sheet","[<JIRA Version: name='Release 15', id='43041'>]",Bug,Minor,Done,Done,"['AZA-T95072', 'AZA-T95045']","['AZA-C590', 'AZA-C590']"
168,AZA-95170,1493959,French translation issue _Class _Buisness liability_IC_Commercial,"[<JIRA Version: name='Release 15', id='43041'>]",Bug,Minor,Done,Done,"['AZA-T95086', 'AZA-T95085']","['AZA-C590', 'AZA-C590']"
169,AZA-95143,1493815,Incorrect loss type/loss cause/Damage for Water damage/business.,"[<JIRA Version: name='Release 15', id='43041'>]",Bug,High,Done,Done,"['AZA-T95059', 'AZA-T95058', 'AZA-T95021']","['AZA-C590', 'AZA-C590', 'AZA-C590']"
170,AZA-95128,1493758,French translation issue_ Que_for class_ Natural Perils Loss_IC_Commercial,"[<JIRA Version: name='Release 15', id='43041'>]",Bug,High,Done,Done,['AZA-T95052'],['AZA-C590']
171,AZA-95124,1493711,Test|| MA- unable to create Natural and Legal person,"[<JIRA Version: name='Release 15', id='43041'>]",Bug,Blocker,Done,Done,[],[]
172,AZA-95047,1492920,All OE|| The agent number is not displayed correctly in the vehicle page for LP when New is clicked from Dashboard,"[<JIRA Version: name='Release 15', id='43041'>]",Bug,High,Done,Done,[],[]
173,AZA-94870,1490278,Payment batch has not run on the claim due to Person address issue_Ghana commercial,"[<JIRA Version: name='Release 15', id='43041'>]",Bug,Minor,Done,Done,['AZA-T91807'],['AZA-C504']
174,AZA-94853,1490046,NG|| Preprod|| Looking for Bank Account number along with customer account number in to customer account drop down list AND getting NOT Found  error while creating contract with this bank account no,"[<JIRA Version: name='Release 15', id='43041'>]",Bug,Minor,Done,Done,[],[]
175,AZA-94812,1489379,Validation is coming for 'Glass breakage' even when Sum insured is consumed for 'Collision' .,"[<JIRA Version: name='Release 15', id='43041'>]",Bug,High,Done,Done,[],[]
176,AZA-94786,1489217,MG_CM_Commercial_Getting crash on Recalculate for inward coinsurance,"[<JIRA Version: name='Release 15', id='43041'>]",Bug,Major,Done,Done,"['AZA-T77413', 'AZA-T77413']","['AZA-C503', 'AZA-C503']"
177,AZA-94743,1487967,Consistency check host is getting generated for MA,"[<JIRA Version: name='Release 15', id='43041'>]",Bug,Minor,Done,Done,['AZA-T94375'],['AZA-C304']
178,AZA-94742,1487965,MA|| Looking for Incorrect certificate is  printed on Certificate document during GEA Amendment from Portal,"[<JIRA Version: name='Release 15', id='43041'>]",Bug,Minor,Done,Done,[],[]
179,AZA-94679,1486424,CM_Leasing_G80_Incorrect booking entries generated,"[<JIRA Version: name='Release 15', id='43041'>]",Bug,Major,Done,Done,[],[]
180,AZA-94677,1486390,NG_Fleet_Renewal layer for master contract not generated when fixed deductible is selected,"[<JIRA Version: name='Release 15', id='43041'>]",Bug,High,Done,Done,['AZA-T93220'],['AZA-C372']
181,AZA-94528,1484107,NG_End date not getting updated on NIID after booking is performed for payment frequencies,"[<JIRA Version: name='Release 15', id='43041'>]",Bug,High,Done,Done,['AZA-T93039'],['AZA-C372']
182,AZA-94422,1479190,Covid percentage field is not updated correctly,"[<JIRA Version: name='Release 15', id='43041'>]",Bug,Minor,Done,Done,[],[]
183,AZA-94069,1377861,IC Comm_Person Domain Values_Kine missing in Occupation,"[<JIRA Version: name='Release 15', id='43041'>]",Bug,Minor,Done,Done,['AZA-T94018'],[]
184,AZA-93975,1376494,MA- GRP - Policy Numbers are not displayed in 'snr' column for DAC And DAC DIFF entries in GRP file.,"[<JIRA Version: name='Release 15', id='43041'>]",Bug,High,Done,Done,[],[]
185,AZA-93900,1375205,"Field titles with ""forcé"" value because they are ambiguous for the manager ","[<JIRA Version: name='Release 15', id='43041'>]",Bug,Minor,Done,Done,[],[]
186,AZA-93837,1372783,MA- GRP - Distribution channel is not getting displayed for Customer Account Re-booking DR trancation.,"[<JIRA Version: name='Release 15', id='43041'>]",Bug,High,Done,Done,[],[]
187,AZA-93829,1372710,MA - GRP - Invoicing Commission entries are not generated for Agent collection in the GRP File.,"[<JIRA Version: name='Release 15', id='43041'>]",Bug,High,Done,Done,[],[]
188,AZA-93802,1372482,MA - GRP - LOB value is not getting displayed for Invoicing and Commission Booking entries.,"[<JIRA Version: name='Release 15', id='43041'>]",Bug,High,Done,Done,[],[]
189,AZA-93801,1372468,MA- GRP - Incorrect value displayed in 'sgtxt' column,"[<JIRA Version: name='Release 15', id='43041'>]",Bug,High,Done,Done,[],[]
190,AZA-93741,1372003,NG | Bancassurance | USD/NGN  | Acquisition Fees on 2nd agent (N01) not getting reversed - Full Cancellation,"[<JIRA Version: name='Release 15', id='43041'>]",Bug,Major,Done,Done,"['AZA-T93731', 'AZA-T93731', 'AZA-T96578']","['AZA-C584', 'AZA-C584']"
191,AZA-93740,1371980,Subsequent Invoice not generated for all the OE,"[<JIRA Version: name='Release 15', id='43041'>]",Bug,High,Done,Done,[],[]
192,AZA-93719,1370717,NG_Email is not getting triggered after full booking .,"[<JIRA Version: name='Release 15', id='43041'>]",Bug,Major,Done,Done,"['AZA-T93717', 'AZA-T93718']",[]
193,AZA-93609,1366463,IC | Payment approval Request is not sent after performing amendment on mobile money contracts ,"[<JIRA Version: name='Release 15', id='43041'>]",Bug,High,Done,Done,"['AZA-T81505', 'AZA-T81505', 'AZA-T81502', 'AZA-T81502', 'AZA-T81499', 'AZA-T81499']","['AZA-C44', 'AZA-C44', 'AZA-C44', 'AZA-C44', 'AZA-C44', 'AZA-C44']"
194,AZA-93556,1363981,NG | Access Bank - USD - Corporate (0775598676) bank account is not getting displayed for outgoing payments,"[<JIRA Version: name='Release 15', id='43041'>]",Bug,High,Done,Done,['AZA-T96717'],[]
195,AZA-93537,1363527,GRP | All OEs | Incorrect Value on DAC DIFF/UPR DIFF for the last month on each class,"[<JIRA Version: name='Release 15', id='43041'>]",Bug,Major,Done,Done,[],[]
196,AZA-93474,1362474,"Negative ""Recourse reserve ""entry got generated under account tab_All OE","[<JIRA Version: name='Release 15', id='43041'>]",Bug,Major,Done,Done,"['AZA-T94112', 'AZA-T93559']","['AZA-C504', 'AZA-C373']"
197,AZA-93239,1292653,Possible duplicate process slip generated in MA claims,"[<JIRA Version: name='Release 15', id='43041'>]",Bug,Major,Done,Done,['AZA-T36287'],['AZA-C45']
198,AZA-92985,1264186,NG Commercial | MultiCurrency | Coinsurance contracts with Currency type as USD do not get effective,"[<JIRA Version: name='Release 15', id='43041'>]",Bug,Major,Done,Done,"['AZA-T93043', 'AZA-T93712']",['AZA-C377']
199,AZA-92727,1240829,SN | GRP | FS_BSCHL displays incorrect value for UPR/UPR DIFF and DAC/DAC DIFF,"[<JIRA Version: name='Release 15', id='43041'>]",Bug,Major,Done,Done,[],[]
200,AZA-92398,1237068,NG || Preprod| Two same emails are getting trigger for the policy document once the contract is getting effective,"[<JIRA Version: name='Release 15', id='43041'>]",Bug,Major,Done,Done,['AZA-T93140'],['AZA-C372']
201,AZA-92370,1236340,MA|| Preprod|| User Restriction is not working for claim for search criteria CIN/ICE/Plate number/Person name for both Np n LP person,"[<JIRA Version: name='Release 15', id='43041'>]",Bug,Major,Done,Done,['AZA-T93670'],['AZA-C372']
202,AZA-92226,1234015,CM | IC | Mobile Money | Request is not sent for payment in case of Amendment (increase in premium) on mobile money contract,"[<JIRA Version: name='Release 15', id='43041'>]",Bug,Major,Done,Done,"['AZA-T95998', 'AZA-T96001']",[]
203,AZA-91532,1186776,NG-Fleet_Manual Clauses missing in policy document.     ,"[<JIRA Version: name='Release 15', id='43041'>]",Bug,Major,Done,Done,['AZA-T91245'],['AZA-C371']
204,AZA-91235,1182515,"After amendment/cancellation, commission and VAT should be hold and released released post agent settlement/commission approval batch[AC-261668,rejected][AC-262117]","[<JIRA Version: name='Release 15', id='43041'>]",Bug,Major,Done,Done,"['AZA-T91249', 'AZA-T91251']",[]
205,AZA-90956,1149668,Multi class _LCI_ not working properly_SN [AC-261120],"[<JIRA Version: name='Release 15', id='43041'>]",Bug,Major,Done,Done,['AZA-T90908'],['AZA-C376']
206,AZA-86724,1059945,IC | CM | Balance not getting updated correctly in NCP account for Mobile money contract,"[<JIRA Version: name='Release 15', id='43041'>]",Bug,High,Done,Done,"['AZA-T91291', 'AZA-T81509', 'AZA-T81509']","['AZA-C371', 'AZA-C44', 'AZA-C44']"
207,AZA-85017,1041916,NG| Monnify | Amount not Updating on SMS when Market Value modified (NB/Amendment),"[<JIRA Version: name='Release 15', id='43041'>]",Bug,Major,Done,Done,"['AZA-T93950', 'AZA-T86114', 'AZA-T86114', 'AZA-T92219']","['AZA-C372', 'AZA-C600', 'AZA-C600']"
208,AZA-83521,1018616,G02_Policies are not getting effective,"[<JIRA Version: name='Release 15', id='43041'>]",Bug,Major,Done,Done,['AZA-T94612'],[]
209,AZA-77779,956176,INC6208801 - Morocco : D06 report issues,"[<JIRA Version: name='Release 15', id='43041'>]",Bug,Minor,Done,Done,[],[]
210,AZA-67414,824352,Rebooking to customer account payment option not showing directly as payment option.,"[<JIRA Version: name='Release 15', id='43041'>]",Bug,Minor,Done,Done,[],[]
211,AZA-66902,823840,NG_G02_Incorrect invoice dates displayed hence incorrect balance calculated  AC-262954,"[<JIRA Version: name='Release 15', id='43041'>]",Bug,Major,Done,Done,[],[]
