,ID,Modules,Scripts,Target
0,396,IAM,Manual Testing,1
1,4566,IAM,Script 1127,1
2,4077,TENY,Script 671,1
3,118,MIGRA,Script MIGRA24,0
4,4053,CFE,Script 649,1
5,212,PRF,Script PFR101,1
6,4383,IAM,Script 954,0
7,4534,TNT,Script 1101,1
8,46,CFE,Manual Testing,1
9,8527,PRF,Manual Testing,1
10,8196,IAM,Manual Testing,1
11,4377,CFE,Script 949,1
12,4170,IAM,Manual Testing,1
13,4003,PRF,Script 602,1
14,362,INRA,Manual Testing,1
15,165,MIGRA,Manual Testing,0
16,233,TNT,Script TNT119,1
17,4212,TNT,Script 795,1
18,327,ABX,Script ABX48,0
19,422,IAM,Script IAM136,1
20,4076,INRA,Script 670,1
21,4569,IAM,Script 1129,1
22,25,IAM,Script IAM14,1
23,380,CFE,Manual Testing,1
24,4343,INRA,Script 916,1
25,7635,ABX,Manual Testing,1
26,540,PRF,Manual Testing,1
27,350,ABX,Manual Testing,0
28,512,PRF,Manual Testing,1
29,4179,MIGRA,Script 765,1
31,4036,ABX,Script 633,1
32,4171,INRA,Script 757,1
33,4251,INRA,Script 831,1
34,7686,INRA,Script 1288,1
35,4308,INRA,Script 883,1
36,4140,IAM,Script 729,1
37,8376,TENY,Manual Testing,1
38,227,IAM,Script IAM67,1
39,436,INRA,Script INRA143,1
40,416,MIGRA,Script MIGRA146,1
41,216,ABX,Script ABX41,1
42,21,PRF,Manual Testing,1
43,8148,INRA,Manual Testing,1
44,14,CFE,Manual Testing,1
45,4429,TNT,Script 999,1
46,7733,TNT,Manual Testing,1
47,8385,CFE,Manual Testing,1
48,487,TNT,Script TNT161,1
49,4167,CFE,Script 754,1
50,145,MIGRA,Script MIGRA83,1
51,8225,IAM,Manual Testing,1
52,4547,MIGRA,Script 1114,1
53,8244,CFE,Script 1699,1
54,43,CFE,Script CFE05,1
55,4570,TENY,Script 1129,1
56,4134,TENY,Script 724,1
57,4131,IAM,Script 721,1
58,444,PRF,Manual Testing,1
59,4175,IAM,Script 761,0
60,7551,CFE,Manual Testing,1
61,24,MIGRA,Script MIGRA23,1
62,8365,ABX,Script 1391,1
63,496,CFE,Script CFE130,1
65,333,PRF,Script PFR95,1
66,7639,PRF,Script 1261,1
68,385,ABX,Manual Testing,1
69,4058,CFE,Script 654,1
70,297,CFE,Script CFE49,1
71,363,MIGRA,Manual Testing,1
72,7520,INRA,Manual Testing,1
74,461,TENY,Script TENY157,1
75,366,MIGRA,Manual Testing,1
76,408,MIGRA,Manual Testing,1
77,8240,PRF,Script 1707,1
78,338,PRF,Script PFR93,1
79,7507,INRA,Manual Testing,1
81,4309,TENY,Script 880,1
82,146,PRF,Manual Testing,0
83,344,IAM,Script IAM60,1
84,4409,INRA,Script 980,1
85,34,PRF,Script PRF26,1
86,7510,CFE,Manual Testing,1
87,4312,TENY,Script 887,1
89,149,CFE,Script CFE52,1
90,466,ABX,Manual Testing,1
92,40,CFE,Script CFE07,1
94,8387,INRA,Script 1627,1
95,15,INRA,Manual Testing,1
96,8378,IAM,Manual Testing,1
97,4217,TENY,Script 800,1
98,7683,TENY,Manual Testing,1
99,154,MIGRA,Script MIGRA91,0
100,280,CFE,Manual Testing,0
101,4211,ABX,Script 795,1
102,7827,IAM,Manual Testing,0
103,8513,INRA,Manual Testing,1
105,4270,TENY,Script 849,1
106,427,ABX,Script ABX127,1
108,421,INRA,Script INRA142,1
109,222,IAM,Manual Testing,0
110,4388,PRF,Script 959,1
111,4281,ABX,Script 858,1
113,491,PRF,Script PRF152,1
114,4115,PRF,Script 702,1
115,242,PRF,Script PFR98,1
116,4214,MIGRA,Manual Testing,1
117,7542,PRF,Script 1623,1
119,7850,MIGRA,Script 1218,1
120,8514,IAM,Script 1398,1
121,68,PRF,Manual Testing,1
122,4207,TENY,Script 791,1
123,128,MIGRA,Script MIGRA85,1
124,4516,IAM,Script 1084,1
125,342,PRF,Script PFR102,1
126,4046,MIGRA,Script 642,1
127,433,TNT,Manual Testing,1
128,4344,TENY,Script 917,1
130,356,CFE,Manual Testing,1
131,4190,IAM,Script 776,1
132,4499,TNT,Script 1067,1
133,249,MIGRA,Script MIGRA81,1
134,4493,PRF,Script 1061,1
135,7819,TENY,Manual Testing,0
136,4158,CFE,Script 746,1
137,4258,INRA,Manual Testing,1
138,4004,MIGRA,Script 602,1
139,537,MIGRA,Script MIGRA23,1
140,8366,TENY,Manual Testing,1
141,1,ABX,Script ABX01,1
142,4176,ABX,Script 762,1
143,374,PRF,Manual Testing,1
144,3,IAM,Script IAM12,1
145,457,PRF,Script PRF155,1
146,220,INRA,Script INRA79,0
147,4182,TENY,Script 768,1
148,275,CFE,Script CFE54,1
149,4025,TENY,Script 622,1
150,4289,TNT,Script 865,1
151,17,IAM,Script IAM13,1
152,245,PRF,Script PFR94,1
153,4157,MIGRA,Script 745,1
155,368,ABX,Manual Testing,1
156,7506,PRF,Script 1276,1
157,4047,CFE,Script 643,1
158,478,CFE,Script CFE129,1
159,4310,IAM,Script 885,1
161,7516,TENY,Script 1531,1
163,4379,TENY,Script 951,1
164,4519,TENY,Script 1087,1
165,4057,MIGRA,Script 653,1
166,226,INRA,Script INRA75,0
168,4143,PRF,Script 732,1
169,4236,IAM,Manual Testing,1
170,4098,INRA,Script 690,1
171,4387,TNT,Script 958,1
172,340,INRA,Manual Testing,0
174,4063,INRA,Script 658,1
175,13,MIGRA,Script MIGRA21,1
176,8375,CFE,Script 1384,1
177,4081,MIGRA,Script 674,1
178,4255,PRF,Script 835,1
179,4056,IAM,Script 652,1
180,506,ABX,Script ABX125,1
181,4320,CFE,Script 894,1
182,405,TENY,Manual Testing,1
183,23,PRF,Script PRF27,1
184,19,ABX,Manual Testing,1
185,4031,INRA,Script 626,1
186,4074,MIGRA,Script 668,1
187,18,PRF,Manual Testing,1
188,4110,CFE,Script 702,1
190,8219,TNT,Script 1473,1
191,4497,TENY,Script 1065,1
192,8197,TNT,Script 1567,1
193,152,MIGRA,Script MIGRA90,0
194,4119,TENY,Script 709,1
195,4075,CFE,Script 668,1
197,7761,IAM,Manual Testing,1
198,179,MIGRA,Script MIGRA92,0
199,7716,TENY,Script 1419,1
200,20,TENY,Manual Testing,1
201,504,ABX,Script ABX126,1
202,283,MIGRA,Script MIGRA84,1
203,7853,ABX,Manual Testing,1
204,550,PRF,Script PRF27,1
205,459,CFE,Manual Testing,1
206,8147,CFE,Script 1743,1
207,4311,INRA,Script 886,1
209,4168,INRA,Script 755,1
210,4290,PRF,Script 866,1
211,413,PRF,Manual Testing,1
212,7822,CFE,Script 1409,0
213,382,CFE,Manual Testing,1
214,279,IAM,Script IAM63,1
215,4342,CFE,Script 915,0
216,4322,TENY,Script 896,1
217,299,TENY,Script TENY107,1
218,468,CFE,Manual Testing,1
220,223,TENY,Script TENY107,1
221,347,CFE,Script CFE51,1
222,2,PRF,Script PRF27,1
224,4252,TENY,Script 832,1
225,9,TNT,Script TNT36,1
226,4088,CFE,Script 681,1
227,192,PRF,Script PFR95,0
228,486,INRA,Script INRA141,1
229,35,TENY,Script TENY34,1
231,8,TNT,Script TNT37,1
232,246,TNT,Script TNT115,1
233,4073,PRF,Script 667,1
234,424,PRF,Script PRF153,1
236,308,MIGRA,Script MIGRA86,0
237,4523,IAM,Script 1091,0
238,8393,MIGRA,Script 1280,1
239,446,CFE,Script CFE131,1
240,8401,ABX,Manual Testing,1
241,4096,IAM,Script 688,1
242,7857,TENY,Manual Testing,1
244,4091,IAM,Script 683,1
245,121,TENY,Script TENY110,0
246,4250,CFE,Script 830,1
247,4254,TNT,Script 833,1
250,394,MIGRA,Manual Testing,1
251,387,MIGRA,Manual Testing,1
252,4364,TENY,Script 935,1
253,7763,PRF,Script 1786,1
254,4181,INRA,Script 767,1
255,93,IAM,Script IAM15,1
257,4050,IAM,Script 646,1
258,31,IAM,Manual Testing,1
259,4104,TENY,Script 696,1
260,4253,IAM,Script 833,1
261,4015,IAM,Script 614,1
262,4347,TENY,Script 920,1
263,4203,INRA,Script 787,1
264,335,IAM,Script IAM65,0
265,4368,CFE,Script 935,1
266,4243,IAM,Script 823,1
268,435,PRF,Script PRF150,1
269,8510,CFE,Script 1738,1
270,4020,TENY,Script 618,1
271,256,MIGRA,Script MIGRA84,0
272,50,MIGRA,Script MIGRA24,1
273,4235,TENY,Script 817,1
275,4280,IAM,Script 857,1
276,315,INRA,Script INRA78,1
277,4565,TENY,Manual Testing,1
278,482,IAM,Script IAM137,1
279,417,TENY,Script TENY159,1
280,4314,TENY,Script 889,1
282,8202,PRF,Manual Testing,1
283,419,PRF,Script PRF151,1
285,4390,CFE,Script 961,1
286,7760,INRA,Script 1251,1
287,4351,ABX,Manual Testing,1
289,4099,TENY,Script 691,1
290,4244,TENY,Script 825,1
291,450,PRF,Manual Testing,1
292,37,TNT,Manual Testing,1
293,36,PRF,Manual Testing,1
295,4087,MIGRA,Manual Testing,1
296,4586,IAM,Manual Testing,1
297,8226,ABX,Script 1721,1
298,221,PRF,Script PFR104,0
299,438,TNT,Script TNT161,1
301,4242,TENY,Script 823,1
302,4141,ABX,Script 730,1
303,4259,TENY,Script 838,1
304,236,PRF,Script PFR97,1
305,4136,INRA,Script 725,1
306,11,CFE,Script CFE05,1
308,519,IAM,Script IAM14,1
309,53,TNT,Manual Testing,1
310,5,CFE,Manual Testing,1
313,7734,ABX,Script 1740,1
316,4477,MIGRA,Script 1043,1
319,4588,MIGRA,Script 1140,1
322,52,PRF,Manual Testing,1
324,4374,INRA,Script 946,1
325,4209,TENY,Script 793,1
326,4159,INRA,Script 747,1
327,4260,IAM,Script 839,1
328,377,CFE,Manual Testing,1
329,4424,MIGRA,Script 994,1
331,7856,ABX,Script 1458,1
332,4206,INRA,Script 790,1
333,27,MIGRA,Script MIGRA21,1
334,4492,TNT,Script 1060,1
336,4183,IAM,Script 769,0
337,29,INRA,Manual Testing,1
338,4142,TNT,Script 731,1
339,4445,TENY,Script 1015,1
340,476,TNT,Script TNT162,1
341,4080,PRF,Script 674,1
342,4494,MIGRA,Script 1062,1
343,4162,MIGRA,Script 749,1
344,273,MIGRA,Script MIGRA84,1
346,292,IAM,Script IAM60,0
347,8227,CFE,Manual Testing,1
348,33,PRF,Script PRF30,1
349,28,CFE,Script CFE06,1
350,4313,IAM,Script 888,1
353,4193,CFE,Script 778,1
355,169,CFE,Script CFE50,1
356,7854,TENY,Manual Testing,1
357,345,IAM,Manual Testing,0
359,4268,CFE,Script 847,1
360,4086,PRF,Script 680,1
361,4339,INRA,Script 912,1
362,4221,MIGRA,Script 803,1
363,16,TENY,Script TENY31,1
365,124,TNT,Script TNT118,0
366,251,MIGRA,Script MIGRA88,0
367,4375,TENY,Script 947,1
368,4474,INRA,Script 1043,0
370,63,IAM,Manual Testing,1
371,42,CFE,Script CFE08,1
372,4471,PRF,Script 1040,0
373,4496,INRA,Script 1064,1
374,443,INRA,Script INRA140,1
375,4456,ABX,Manual Testing,1
376,4394,TNT,Script 965,1
377,4130,TENY,Script 720,1
380,7718,CFE,Script 1605,1
383,415,MIGRA,Script MIGRA145,1
385,7814,PRF,Script 1668,0
386,4584,INRA,Script 1139,1
387,332,TNT,Script TNT116,1
390,4301,IAM,Script 877,1
391,65,ABX,Script ABX03,1
397,4040,CFE,Script 636,1
399,4024,INRA,Manual Testing,1
401,155,MIGRA,Script MIGRA91,0
402,440,PRF,Manual Testing,1
404,4095,TENY,Script 687,1
407,129,IAM,Script IAM60,0
409,8241,CFE,Manual Testing,1
410,373,CFE,Manual Testing,1
411,4019,INRA,Script 616,1
412,4049,TENY,Script 645,1
413,289,MIGRA,Script MIGRA80,1
414,141,ABX,Script ABX41,0
415,522,INRA,Manual Testing,1
416,503,CFE,Manual Testing,1
417,7,ABX,Script ABX03,1
418,4415,IAM,Script 986,1
419,134,PRF,Script PFR94,1
420,4195,TENY,Script 780,0
421,4360,PRF,Script 932,1
422,4030,IAM,Script 626,1
423,8522,TNT,Manual Testing,1
424,502,IAM,Manual Testing,1
428,8141,INRA,Script 1244,1
430,12,MIGRA,Script MIGRA22,1
431,82,MIGRA,Script MIGRA21,1
433,4403,CFE,Script 974,1
434,4434,TENY,Script 1000,1
435,7501,INRA,Script 1256,1
436,4438,CFE,Script 1008,1
437,232,IAM,Script IAM68,0
438,4106,ABX,Script 698,1
439,4114,TNT,Script 702,1
441,4133,INRA,Script 723,1
442,47,TNT,Manual Testing,1
443,4501,MIGRA,Script 1069,1
445,455,TNT,Manual Testing,1
447,253,CFE,Script CFE51,1
449,4575,MIGRA,Script 1135,1
451,4418,IAM,Script 988,0
452,398,PRF,Manual Testing,1
453,528,MIGRA,Script MIGRA21,1
454,8205,CFE,Script 1295,1
455,499,CFE,Script CFE131,1
456,378,IAM,Manual Testing,1
459,7713,PRF,Script 1679,1
461,225,IAM,Manual Testing,0
462,4200,TENY,Script 783,1
463,8352,IAM,Manual Testing,1
464,8394,MIGRA,Manual Testing,1
466,72,PRF,Manual Testing,1
467,62,PRF,Manual Testing,1
468,409,CFE,Manual Testing,1
469,454,CFE,Script CFE132,1
470,7684,TENY,Script 1324,1
473,4283,PRF,Script 860,1
475,360,TNT,Manual Testing,1
476,4401,PRF,Script 972,1
479,4488,IAM,Script 1056,0
481,8238,MIGRA,Manual Testing,1
482,372,TENY,Manual Testing,1
483,8524,ABX,Script 1479,1
484,8357,CFE,Script 1239,1
485,481,IAM,Manual Testing,1
487,4331,PRF,Script 904,1
492,4353,PRF,Script 925,1
493,241,PRF,Script PFR93,0
494,477,CFE,Script CFE131,1
495,4296,PRF,Script 871,1
496,4382,TENY,Script 953,1
499,7515,TENY,Manual Testing,1
500,8391,INRA,Manual Testing,1
507,55,PRF,Script PRF28,1
508,7682,TENY,Script 1589,1
511,4144,MIGRA,Script 733,1
514,7640,TNT,Script 1502,1
517,4417,TENY,Manual Testing,1
518,8373,MIGRA,Manual Testing,1
519,4007,TENY,Script 606,1
520,4414,TENY,Script 984,1
521,376,MIGRA,Manual Testing,1
523,4240,IAM,Script 821,1
524,4152,CFE,Script 740,1
525,458,IAM,Script IAM138,1
526,349,MIGRA,Script MIGRA88,0
527,105,TNT,Manual Testing,0
528,8392,ABX,Manual Testing,1
530,7617,TENY,Manual Testing,1
532,4421,ABX,Script 991,1
534,4172,TENY,Script 758,1
535,8203,CFE,Manual Testing,1
538,428,PRF,Manual Testing,1
539,383,TNT,Manual Testing,1
540,4514,INRA,Script 1082,1
541,8367,TENY,Script 1698,1
542,493,ABX,Script ABX125,1
543,177,PRF,Script PFR95,1
544,4229,INRA,Script 811,1
546,431,ABX,Manual Testing,1
548,243,CFE,Script CFE49,1
549,7512,CFE,Manual Testing,1
550,472,TENY,Script TENY158,1
551,162,PRF,Script PFR97,0
552,4257,CFE,Script 837,1
553,8234,TNT,Manual Testing,1
554,445,MIGRA,Script MIGRA146,1
555,58,TENY,Script TENY35,1
556,4352,TNT,Script 922,1
557,497,ABX,Script ABX125,1
559,4576,CFE,Script 1136,0
562,488,ABX,Script ABX128,1
563,4161,IAM,Manual Testing,1
566,7826,IAM,Script 1573,0
568,4402,MIGRA,Script 973,1
569,4118,INRA,Script 708,1
570,8388,MIGRA,Manual Testing,1
571,189,ABX,Script ABX41,1
574,311,ABX,Manual Testing,0
575,4279,TENY,Script 856,1
576,462,MIGRA,Script MIGRA144,1
578,4224,TENY,Script 806,1
582,7548,MIGRA,Script 1519,1
584,260,TNT,Script TNT121,0
585,215,TNT,Manual Testing,0
586,4169,TENY,Script 756,1
587,4389,MIGRA,Script 960,1
588,4186,MIGRA,Script 772,1
593,7500,TENY,Manual Testing,1
594,4329,TENY,Script 902,1
595,439,IAM,Script IAM135,1
598,4192,MIGRA,Manual Testing,1
599,4420,IAM,Script 990,1
601,161,TENY,Manual Testing,0
603,412,TENY,Manual Testing,1
604,426,TENY,Script TENY157,1
605,507,TNT,Script TNT163,1
606,4051,PRF,Script 647,1
607,442,PRF,Manual Testing,1
609,4241,INRA,Script 822,1
611,7812,CFE,Script 1235,0
613,8363,INRA,Script 1437,1
614,8515,ABX,Script 1637,1
615,8396,IAM,Manual Testing,1
618,206,TENY,Script TENY108,1
621,369,PRF,Manual Testing,1
622,4180,CFE,Script 766,1
624,4199,INRA,Script 783,1
626,4319,MIGRA,Script 893,1
628,172,ABX,Script ABX45,0
631,8143,TNT,Manual Testing,1
634,26,TENY,Script TENY34,1
638,4198,CFE,Script 782,1
639,4084,TENY,Script 678,1
642,309,PRF,Script PFR96,1
644,4149,TNT,Script 737,1
645,410,PRF,Manual Testing,1
646,7815,TENY,Script 1409,0
647,4248,PRF,Script 829,0
648,4261,PRF,Script 840,1
649,532,PRF,Manual Testing,1
650,32,ABX,Manual Testing,1
652,414,MIGRA,Script MIGRA147,1
653,7545,TENY,Manual Testing,1
656,4139,TENY,Manual Testing,1
658,4517,CFE,Script 1085,1
659,4385,IAM,Script 956,1
660,301,TENY,Script TENY111,0
661,399,PRF,Manual Testing,1
663,4228,CFE,Script 810,1
664,159,TNT,Script TNT118,1
667,420,PRF,Manual Testing,1
668,8144,MIGRA,Script 1593,1
671,4522,TENY,Script 1087,0
674,4373,CFE,Script 945,0
675,4341,IAM,Script 910,0
678,4103,IAM,Script 693,1
679,521,PRF,Script PRF26,1
680,4005,CFE,Script 602,1
682,4282,TNT,Script 859,1
683,4460,CFE,Script 1029,0
684,4227,MIGRA,Script 809,1
686,7632,TNT,Script 1591,1
689,4487,TENY,Script 1055,1
691,175,PRF,Script PFR98,0
693,4202,CFE,Script 786,1
696,4558,MIGRA,Script 1121,1
697,4177,TNT,Script 762,1
698,4591,TENY,Script 1143,0
702,500,MIGRA,Script MIGRA144,1
705,296,CFE,Script CFE56,0
706,4367,MIGRA,Script 939,1
707,4408,CFE,Script 979,1
708,4449,TENY,Script 1016,0
710,4556,TENY,Manual Testing,1
713,71,PRF,Manual Testing,1
