,key,id,components,summary,fixVersions,issuetype,priority,resolution,status.name,Linked.issues,linked.testcases
0,AZA-98692,1761698,[],MA || FE ll Rollback of GEA Amendment Changes,"[<JIRA Version: name='Release 15', id='43041'>]",Story,Major,,SIT Passed,[],['AZA-T98928']
1,AZA-98176,1642048,[],MA || FE || G91|| GEA || Non-Technical Amendment || Not to retrieve NB File Upload,"[<JIRA Version: name='Release 15', id='43041'>]",Story,High,,SIT Passed,"['AZA-97962', 'AZA-98381']","['AZA-T98555', 'AZA-T98654']"
2,AZA-98065,1605890,[],Process slip for VAT - Status issue,"[<JIRA Version: name='Release 15', id='43041'>]",Story,High,,Deployed in PreProd,"['AZA-98243', 'AZA-98243', 'AZA-98283', 'AZA-98283', 'AZA-98415', 'AZA-98415']","['AZA-T98148', 'AZA-T98150', 'AZA-T98151', 'AZA-T98152', 'AZA-T98153', 'AZA-T98154', 'AZA-T98155', 'AZA-T98223', 'AZA-T98286', 'AZA-T98291', 'AZA-T98374']"
3,AZA-97413,1548472,[],MA-Premium calculation validation refactoring,"[<JIRA Version: name='Release 15', id='43041'>]",Story,Minor,Done,Done,"['AZA-98000', 'AZA-98111', 'AZA-98113', 'AZA-98660', 'AZA-98660']","['AZA-T98656', 'AZA-T98657', 'AZA-T98658', 'AZA-T98659', 'AZA-T98661']"
4,AZA-97335,1546998,[],"Document Trigger for IC Commercial via On Demand - Policy Schedule, Debit Note & Insurance Certificate","[<JIRA Version: name='Release 15', id='43041'>]",Story,High,Done,Done,[],"['AZA-T97463', 'AZA-T97464', 'AZA-T97468', 'AZA-T97469', 'AZA-T97679', 'AZA-T97680', 'AZA-T97681']"
5,AZA-97332,1546979,[],Document Trigger for IC Commercial via RTP - Policy Schedule & Insurance Certificate,"[<JIRA Version: name='Release 15', id='43041'>]",Story,High,Done,Done,['AZA-98105'],"['AZA-T97448', 'AZA-T97449', 'AZA-T97451', 'AZA-T97678', 'AZA-T97682']"
6,AZA-96961,1539374,"[<JIRA Component: name='Portal', id='21596'>]",MA || FE || Document controller performance issue || Remove Duplicate Call for getContractInfos,"[<JIRA Version: name='Release 15', id='43041'>]",Story,Major,,SIT Passed,"['AZA-97911', 'AZA-95000']",[]
7,AZA-96762,1535944,[],Morocco Life - fix the Approval Process flow.,"[<JIRA Version: name='Release 15', id='43041'>]",Story,High,,Deployed in PreProd,['AZA-94743'],"['AZA-T98379', 'AZA-T98417', 'AZA-T98420']"
8,AZA-96697,1535003,"[<JIRA Component: name='RAP', id='21597'>]",IC - Multi Class claims,"[<JIRA Version: name='Release 15', id='43041'>]",Story,Major,Done,Done,['AZA-97392'],"['AZA-T97004', 'AZA-T97005', 'AZA-T97006', 'AZA-T97007', 'AZA-T97008', 'AZA-T97009', 'AZA-T97010', 'AZA-T97011', 'AZA-T97012', 'AZA-T97013', 'AZA-T97200', 'AZA-T97202', 'AZA-T97203', 'AZA-T97204', 'AZA-T97205', 'AZA-T97206', 'AZA-T97207', 'AZA-T97208', 'AZA-T97209']"
9,AZA-96696,1535002,"[<JIRA Component: name='RAP', id='21597'>]",Add Loss in cold room  to Machine Breakdown class,"[<JIRA Version: name='Release 15', id='43041'>]",Story,Major,Done,Done,[],"['AZA-T96997', 'AZA-T96998', 'AZA-T97000', 'AZA-T97001', 'AZA-T97002', 'AZA-T97003']"
10,AZA-95942,1499574,"[<JIRA Component: name='RAP', id='21597'>]",Initial story to: Revision Underwriting Orga Set up+approval matrix Revision,"[<JIRA Version: name='Release 15', id='43041'>]",Story,Minor,Done,Done,[],"['AZA-T97750', 'AZA-T97751', 'AZA-T97938']"
11,AZA-94560,1484919,"[<JIRA Component: name='HOST', id='21591'>]","Agent collection contracts:Cancellation & Amendment[AC-262117],subsequent testing","[<JIRA Version: name='Release 15', id='43041'>]",Story,Major,Done,Done,"['AZA-97791', 'AZA-91235', 'AZA-81543']","['AZA-T95252', 'AZA-T95259', 'AZA-T95272', 'AZA-T95274', 'AZA-T98098', 'AZA-T98099', 'AZA-T98101', 'AZA-T98102', 'AZA-T98110', 'AZA-T98112', 'AZA-T98125', 'AZA-T98126', 'AZA-T98277', 'AZA-T98278', 'AZA-T98279', 'AZA-T98287', 'AZA-T98289', 'AZA-T98290', 'AZA-T98292', 'AZA-T98293']"
12,AZA-94506,1483176,[],MA || FE || Portal Improvement || Upgrade NDBX Version to 11 similar to other OEs,"[<JIRA Version: name='Release 15', id='43041'>]",Story,High,,SIT Passed,[],"['AZA-T97188', 'AZA-T97193', 'AZA-T97195']"
13,AZA-94392,1482080,[],Subsequent Commission Calculation IC Commercial,"[<JIRA Version: name='Release 15', id='43041'>]",Story,Major,,Deployed in PreProd,"['AZA-98156', 'AZA-92932']","['AZA-T96570', 'AZA-T96572', 'AZA-T96575', 'AZA-T98157', 'AZA-T98194', 'AZA-T98206', 'AZA-T98210', 'AZA-T98212', 'AZA-T98213', 'AZA-T98214', 'AZA-T98216', 'AZA-T98218', 'AZA-T98219', 'AZA-T98245', 'AZA-T98248', 'AZA-T98249', 'AZA-T98301', 'AZA-T98303', 'AZA-T98305', 'AZA-T98710']"
14,AZA-94161,1471834,[],Cancellation SMS for Fleet ,"[<JIRA Version: name='Release 15', id='43041'>]",Story,Minor,Done,Done,"['AZA-97685', 'AZA-97748', 'AZA-97753', 'AZA-97874', 'AZA-97878', 'AZA-97879', 'AZA-97881', 'AZA-97882']","['AZA-T96560', 'AZA-T96569', 'AZA-T97748', 'AZA-T97753', 'AZA-T97874', 'AZA-T97875', 'AZA-T97877', 'AZA-T97878', 'AZA-T97879', 'AZA-T97881', 'AZA-T97882', 'AZA-T98264', 'AZA-T98339']"
15,AZA-94094,1466888,[],Treaty (Excess of Loss) for Ghana,"[<JIRA Version: name='Release 15', id='43041'>]",Story,Minor,Done,Done,[],"['AZA-T96151', 'AZA-T97397', 'AZA-T97403', 'AZA-T97407', 'AZA-T97408', 'AZA-T97409', 'AZA-T97412', 'AZA-T97431', 'AZA-T97432', 'AZA-T97437', 'AZA-T97438', 'AZA-T97440', 'AZA-T97441', 'AZA-T98040', 'AZA-T98041', 'AZA-T98042', 'AZA-T98043', 'AZA-T98044', 'AZA-T98053', 'AZA-T98054', 'AZA-T98060', 'AZA-T98061', 'AZA-T98062', 'AZA-T98063']"
16,AZA-93739,1370773,"[<JIRA Component: name='Portal', id='21596'>, <JIRA Component: name='RAP', id='21597'>]",Initial story to: CHANGE IN PREMIUM RATES FOR FIRE/THEFT/DAMAGE/EARLY RECOURSE,"[<JIRA Version: name='Release 15', id='43041'>]",Story,Major,Done,Done,[],"['AZA-T100001', 'AZA-T100003', 'AZA-T100006', 'AZA-T97942', 'AZA-T97944', 'AZA-T97945', 'AZA-T97946', 'AZA-T97950', 'AZA-T97951', 'AZA-T97953', 'AZA-T97955', 'AZA-T97958', 'AZA-T97959', 'AZA-T98037', 'AZA-T98051', 'AZA-T98221', 'AZA-T98225', 'AZA-T98227', 'AZA-T98228', 'AZA-T98240', 'AZA-T98241', 'AZA-T98314', 'AZA-T98316', 'AZA-T99962', 'AZA-T99964', 'AZA-T99965', 'AZA-T99973', 'AZA-T99974', 'AZA-T99975', 'AZA-T99976']"
17,AZA-93716,1368780,[],PEN Test || ALL OE || Information Message: To display the Information Messages only. classId and errorCode need to be filtered out.,"[<JIRA Version: name='Release 15', id='43041'>]",Story,High,,SIT Passed,['AZA-93591'],['AZA-T97113']
18,AZA-93617,1366635,"[<JIRA Component: name='Portal', id='21596'>]",MA || FE || To implement User Restriction under Claim Search for CIN/ICE/Plate number/Person name for both Natural and Legal Person.,"[<JIRA Version: name='Release 15', id='43041'>]",Story,Major,,SIT Passed,"['AZA-92370', 'AZA-96365', 'AZA-96568', 'AZA-93349']","['AZA-T95275', 'AZA-T95282', 'AZA-T95284', 'AZA-T96648']"
19,AZA-93594,1364391,[],"PEN Test || ALL OE || File Upload, only to upload the allowed Mime-Types.","[<JIRA Version: name='Release 15', id='43041'>]",Story,High,,SIT Passed,"['AZA-96775', 'AZA-93593']",['AZA-T96786']
20,AZA-93593,1364389,[],PEN Test || ALL OE ||  Fix SQL Injection in Vehicle Brand and Model Service.[AC-263799],"[<JIRA Version: name='Release 15', id='43041'>]",Story,High,,SIT Passed,['AZA-93592'],['AZA-T97095']
21,AZA-93592,1364371,[],PEN Test || ALL OE ||  Technical Exception and Validation Message: To display the Generic Error Messages in case of Exception. classId and errorCode need to be filtered.,"[<JIRA Version: name='Release 15', id='43041'>]",Story,High,,SIT Passed,"['AZA-96358', 'AZA-93591']","['AZA-T96359', 'AZA-T96361']"
22,AZA-93563,1364176,[],Tax refund for Contract Cancellations for Morocco,"[<JIRA Version: name='Release 15', id='43041'>]",Story,Major,Done,Done,['AZA-97791'],"['AZA-T94888', 'AZA-T94889', 'AZA-T96251', 'AZA-T96252']"
23,AZA-93416,1353977,[],CID Recourse claim automatic document upload on sectrans,"[<JIRA Version: name='Release 15', id='43041'>]",Story,Major,,Deployed in PreProd,"['AZA-97914', 'AZA-97939', 'AZA-97772', 'AZA-93720', 'AZA-97998', 'AZA-98029', 'AZA-96705']","['AZA-T97531', 'AZA-T97532', 'AZA-T97538', 'AZA-T97544', 'AZA-T97546', 'AZA-T97550', 'AZA-T97567', 'AZA-T97571', 'AZA-T97948']"
24,AZA-93372,1353032,"[<JIRA Component: name='Portal', id='21596'>, <JIRA Component: name='RAP', id='21597'>]",Nigeria Mono Subsequent Installment Functionality - Attachment To Be Triggered with Payment Confirmation Email after each subsequent invoice payment,"[<JIRA Version: name='Release 15', id='43041'>]",Story,Major,Done,Done,"['AZA-98691', 'AZA-98874', 'AZA-90563', 'AZA-97516']","['AZA-T97270', 'AZA-T97282', 'AZA-T97283', 'AZA-T97284', 'AZA-T97285', 'AZA-T97286']"
25,AZA-93370,1353005,"[<JIRA Component: name='Portal', id='21596'>, <JIRA Component: name='RAP', id='21597'>]",Nigeria Mono Installment Functionality - Reminder for Subsequent invoice Email with Policy document attached reflecting Installment amount,"[<JIRA Version: name='Release 15', id='43041'>]",Story,Major,Done,Done,"['AZA-98691', 'AZA-98853', 'AZA-90563']","['AZA-T98625', 'AZA-T98634', 'AZA-T98636', 'AZA-T98637', 'AZA-T98640', 'AZA-T98641', 'AZA-T98642', 'AZA-T98643', 'AZA-T98644', 'AZA-T98646', 'AZA-T99018']"
26,AZA-93349,1338687,"[<JIRA Component: name='Portal', id='21596'>]",MA || FE || Improvement || CIN and Identification Search- Amendment,"[<JIRA Version: name='Release 15', id='43041'>]",Story,Major,,SIT Passed,['AZA-90623'],"['AZA-T97189', 'AZA-T97192']"
27,AZA-92939,1263710,[],Agent Data Input,"[<JIRA Version: name='Release 15', id='43041'>]",Story,Major,Done,Done,[],"['AZA-T98698', 'AZA-T98700', 'AZA-T98702']"
28,AZA-92938,1263705,[],Outgoing Payments,"[<JIRA Version: name='Release 15', id='43041'>]",Story,Major,Done,Done,['AZA-97446'],"['AZA-T95130', 'AZA-T95132', 'AZA-T95150', 'AZA-T95161', 'AZA-T95179', 'AZA-T95187', 'AZA-T95190', 'AZA-T95196', 'AZA-T97816', 'AZA-T97817', 'AZA-T97822', 'AZA-T97825', 'AZA-T97828', 'AZA-T97830', 'AZA-T97854', 'AZA-T97858', 'AZA-T97861']"
29,AZA-92937,1263496,[],Collection Methods,"[<JIRA Version: name='Release 15', id='43041'>]",Story,Major,Done,Done,[],"['AZA-T95113', 'AZA-T95118', 'AZA-T95119', 'AZA-T95870', 'AZA-T95876', 'AZA-T95879', 'AZA-T95886', 'AZA-T95887', 'AZA-T95888']"
30,AZA-92936,1263495,[],Taxes on Commission,"[<JIRA Version: name='Release 15', id='43041'>]",Story,Major,Done,Done,[],"['AZA-T95099', 'AZA-T95104', 'AZA-T97537', 'AZA-T97575', 'AZA-T98074']"
31,AZA-92935,1263494,[],GRP_Dimentions_IC_Comm,"[<JIRA Version: name='Release 15', id='43041'>]",Story,Major,,Deployed in PreProd,[],"['AZA-T98662', 'AZA-T98663', 'AZA-T98664', 'AZA-T98665', 'AZA-T98666', 'AZA-T98667', 'AZA-T98668', 'AZA-T98669', 'AZA-T98670', 'AZA-T98671']"
32,AZA-92934,1263493,[],Commission for Outward and Inward Co-insurance contract,"[<JIRA Version: name='Release 15', id='43041'>]",Story,Major,,Deployed in PreProd,[],"['AZA-T95996', 'AZA-T96498', 'AZA-T96816', 'AZA-T96817', 'AZA-T96993', 'AZA-T96994', 'AZA-T97085', 'AZA-T97092', 'AZA-T97168', 'AZA-T97171', 'AZA-T98520', 'AZA-T98521', 'AZA-T98522', 'AZA-T98523', 'AZA-T98524', 'AZA-T98525', 'AZA-T98526', 'AZA-T98527', 'AZA-T98528', 'AZA-T98529']"
33,AZA-92933,1263492,[],Re-insurance Commission calculation,"[<JIRA Version: name='Release 15', id='43041'>]",Story,Major,,Deployed in PreProd,[],"['AZA-T95577', 'AZA-T95584', 'AZA-T95588', 'AZA-T95592', 'AZA-T95746', 'AZA-T95756', 'AZA-T95763', 'AZA-T95770', 'AZA-T98598', 'AZA-T98599', 'AZA-T98600', 'AZA-T98601', 'AZA-T98602', 'AZA-T98604', 'AZA-T98605', 'AZA-T98606', 'AZA-T98607', 'AZA-T98612', 'AZA-T98613', 'AZA-T98614', 'AZA-T98615', 'AZA-T98617', 'AZA-T98618', 'AZA-T98619', 'AZA-T98773', 'AZA-T98782']"
34,AZA-92932,1263491,[],Commission Calculation IC Commercial,"[<JIRA Version: name='Release 15', id='43041'>]",Story,Major,Done,Done,"['AZA-97901', 'AZA-97905', 'AZA-98162']","['AZA-T95943', 'AZA-T95947', 'AZA-T96966', 'AZA-T96967', 'AZA-T96968', 'AZA-T96969', 'AZA-T96971', 'AZA-T96973', 'AZA-T98163', 'AZA-T98164', 'AZA-T98165', 'AZA-T98166', 'AZA-T98167', 'AZA-T98168', 'AZA-T98169', 'AZA-T98170', 'AZA-T98171', 'AZA-T98172']"
35,AZA-92820,1256945,[],Back office_Association rules_IC,"[<JIRA Version: name='Release 15', id='43041'>]",Story,Minor,Done,Done,"['AZA-96257', 'AZA-96585']","['AZA-T95134', 'AZA-T95136', 'AZA-T95138', 'AZA-T95140', 'AZA-T95141', 'AZA-T95766', 'AZA-T95776', 'AZA-T95777', 'AZA-T95778', 'AZA-T95779', 'AZA-T96640', 'AZA-T99038', 'AZA-T99055', 'AZA-T99056']"
36,AZA-92819,1256936,[],Back office_Taxes and Levies_IC,"[<JIRA Version: name='Release 15', id='43041'>]",Story,Minor,Done,Done,[],"['AZA-T95867', 'AZA-T95891']"
37,AZA-92817,1256928,[],Policy number format for Commercial_IC,"[<JIRA Version: name='Release 15', id='43041'>]",Story,Minor,Done,Done,[],"['AZA-T95121', 'AZA-T95995']"
38,AZA-92814,1256910,[],Grace period for renewal policy_IC,"[<JIRA Version: name='Release 15', id='43041'>]",Story,Minor,Done,Done,"['AZA-95530', 'AZA-95600', 'AZA-96245']","['AZA-T95532', 'AZA-T95601', 'AZA-T95626', 'AZA-T95748', 'AZA-T95893', 'AZA-T95934', 'AZA-T95939']"
39,AZA-92810,1256796,[],Back office_ Facultative reinsurance_IC,"[<JIRA Version: name='Release 15', id='43041'>]",Story,Minor,Done,Done,[],"['AZA-T96150', 'AZA-T97725', 'AZA-T97726', 'AZA-T97727', 'AZA-T97728', 'AZA-T97729', 'AZA-T97731', 'AZA-T97732']"
40,AZA-92763,1241432,"[<JIRA Component: name='RAP', id='21597'>]",Initial story to: Morocco life report,"[<JIRA Version: name='Release 15', id='43041'>]",Story,Major,,To Do,[],[]
41,AZA-92676,1240438,"[<JIRA Component: name='RAP', id='21597'>]",Initial story to: CREDIT LIFE : Define NIU field as a non-mandatory field in ABS,"[<JIRA Version: name='Release 15', id='43041'>]",Story,Major,,Deployed in PreProd,"['AZA-98407', 'AZA-98407']","['AZA-T94893', 'AZA-T94913', 'AZA-T94914', 'AZA-T97388', 'AZA-T97389', 'AZA-T97390', 'AZA-T97391', 'AZA-T97417', 'AZA-T97419', 'AZA-T97420', 'AZA-T97422', 'AZA-T97427', 'AZA-T97525', 'AZA-T97527', 'AZA-T97528', 'AZA-T97530', 'AZA-T97533', 'AZA-T97539', 'AZA-T97561', 'AZA-T97568', 'AZA-T97574', 'AZA-T98202', 'AZA-T98204', 'AZA-T98207']"
42,AZA-92435,1237709,[],Analysis of Multicurrency batch,"[<JIRA Version: name='Release 15', id='43041'>]",Story,Major,,Deployed in PreProd,[],[]
43,AZA-92434,1237707,[],BEC Mapping for New Agents based on New Bank Accounts,"[<JIRA Version: name='Release 15', id='43041'>]",Story,Major,,Deployed in PreProd,[],[]
44,AZA-92433,1237705,[],Commission Calculation for Multicurrency Contract,"[<JIRA Version: name='Release 15', id='43041'>]",Story,Major,Done,Done,['AZA-97808'],"['AZA-T92593', 'AZA-T92594', 'AZA-T93611', 'AZA-T93616', 'AZA-T97980', 'AZA-T97981', 'AZA-T97982', 'AZA-T97983', 'AZA-T97984', 'AZA-T97985', 'AZA-T97986', 'AZA-T97987', 'AZA-T97989', 'AZA-T97990', 'AZA-T97991', 'AZA-T97992', 'AZA-T97993', 'AZA-T97994', 'AZA-T98246', 'AZA-T98262', 'AZA-T98263', 'AZA-T98284', 'AZA-T98302', 'AZA-T98304']"
45,AZA-92427,1237478,[],Validations to use USD commission account for Commercial LOB,"[<JIRA Version: name='Release 15', id='43041'>]",Story,Major,,Deployed in PreProd,"['AZA-98045', 'AZA-98067']","['AZA-T92633', 'AZA-T92634', 'AZA-T98211', 'AZA-T98217', 'AZA-T98388', 'AZA-T98406', 'AZA-T98408', 'AZA-T98409', 'AZA-T98410', 'AZA-T98413', 'AZA-T98414', 'AZA-T98416', 'AZA-T98419', 'AZA-T98421', 'AZA-T98435']"
46,AZA-92426,1237448,[],Bancassurance & Broker  Solution for Multicurrency Contracts,"[<JIRA Version: name='Release 15', id='43041'>]",Story,Major,Done,Done,"['AZA-93741', 'AZA-97808']","['AZA-T93722', 'AZA-T93723', 'AZA-T93724', 'AZA-T93725', 'AZA-T93726', 'AZA-T93727', 'AZA-T93730', 'AZA-T93731', 'AZA-T93732', 'AZA-T93733', 'AZA-T93734', 'AZA-T93735', 'AZA-T93736', 'AZA-T93737', 'AZA-T96578', 'AZA-T96579', 'AZA-T96580', 'AZA-T96582', 'AZA-T96583', 'AZA-T96588', 'AZA-T96589', 'AZA-T96590', 'AZA-T96591', 'AZA-T96592', 'AZA-T96593', 'AZA-T96604', 'AZA-T96607', 'AZA-T96609']"
47,AZA-92425,1237441,[],Changes in email templates for multicurrency contracts,"[<JIRA Version: name='Release 15', id='43041'>]",Story,Major,Done,Done,"['AZA-93719', 'AZA-97376']","['AZA-T93628', 'AZA-T93631', 'AZA-T93632', 'AZA-T93633', 'AZA-T93634', 'AZA-T93635', 'AZA-T93637', 'AZA-T93717', 'AZA-T93718', 'AZA-T96368', 'AZA-T96372', 'AZA-T96384', 'AZA-T96385', 'AZA-T96387']"
48,AZA-92421,1237282,[],GRP Dimensions For Multicurrency,"[<JIRA Version: name='Release 15', id='43041'>]",Story,Major,,Deployed in PreProd,[],"['AZA-T91612', 'AZA-T91613', 'AZA-T91614', 'AZA-T91615', 'AZA-T91616', 'AZA-T91617', 'AZA-T91618', 'AZA-T91619', 'AZA-T91620', 'AZA-T91621', 'AZA-T91622', 'AZA-T91623', 'AZA-T91624']"
49,AZA-92410,1237239,[],Outgoing Payment for Mulicurrency,"[<JIRA Version: name='Release 15', id='43041'>]",Story,Major,,Deployed in PreProd,[],"['AZA-T93347', 'AZA-T93352', 'AZA-T93353', 'AZA-T93354', 'AZA-T93355', 'AZA-T93357', 'AZA-T93446', 'AZA-T93468', 'AZA-T93469', 'AZA-T93470', 'AZA-T93471', 'AZA-T93472']"
50,AZA-92408,1237235,[],Incoming payment for Multicurrency contracts,"[<JIRA Version: name='Release 15', id='43041'>]",Story,Major,Done,Done,['AZA-97376'],"['AZA-T93567', 'AZA-T93590', 'AZA-T97551', 'AZA-T97559', 'AZA-T97560', 'AZA-T97563', 'AZA-T97569', 'AZA-T97572', 'AZA-T97580', 'AZA-T97592', 'AZA-T97594', 'AZA-T97596', 'AZA-T97597']"
51,AZA-92405,1237227,[],Bank Account configuration for USD currency,"[<JIRA Version: name='Release 15', id='43041'>]",Story,Major,Done,Done,['AZA-93556'],"['AZA-T93742', 'AZA-T93743', 'AZA-T93745', 'AZA-T93746', 'AZA-T93747', 'AZA-T93749', 'AZA-T93772', 'AZA-T96711', 'AZA-T96713', 'AZA-T96715', 'AZA-T96716', 'AZA-T96717', 'AZA-T96719', 'AZA-T96782']"
52,AZA-92285,1235345,[],"Back office_Reinsurance Handling__USD currency   [AC-260217, AC-259828]","[<JIRA Version: name='Release 15', id='43041'>]",Story,Minor,Done,Done,"['AZA-97813', 'AZA-98133', 'AZA-79953', 'AZA-98256', 'AZA-98256']","['AZA-T93062', 'AZA-T93063', 'AZA-T98059', 'AZA-T98064', 'AZA-T98323', 'AZA-T98331', 'AZA-T98436', 'AZA-T98437', 'AZA-T98438', 'AZA-T98439', 'AZA-T98440']"
53,AZA-92264,1234809,"[<JIRA Component: name='RAP', id='21597'>]",Multicurrency Nigeria Commercial Product (two currencies applicable – NGN and USD) – New Business and Renewal,"[<JIRA Version: name='Release 15', id='43041'>]",Story,Major,Done,Done,"['AZA-98038', 'AZA-98369', 'AZA-92213']","['AZA-T92805', 'AZA-T93054', 'AZA-T93055', 'AZA-T93056', 'AZA-T93146', 'AZA-T93152', 'AZA-T93162', 'AZA-T93163', 'AZA-T93164', 'AZA-T93166', 'AZA-T93277', 'AZA-T93282', 'AZA-T93283', 'AZA-T93285', 'AZA-T93286', 'AZA-T93288', 'AZA-T93289', 'AZA-T93291', 'AZA-T93292', 'AZA-T93293', 'AZA-T93295', 'AZA-T93296', 'AZA-T98136', 'AZA-T98137', 'AZA-T98138', 'AZA-T98139', 'AZA-T98140']"
54,AZA-92213,1233701,"[<JIRA Component: name='RAP', id='21597'>]",Initial story to: Multicurrency Nigeria Commercial Product,"[<JIRA Version: name='Release 15', id='43041'>]",Story,Major,Done,Done,"['AZA-92839', 'AZA-92985', 'AZA-87587']","['AZA-T92805', 'AZA-T92908', 'AZA-T92909', 'AZA-T92910', 'AZA-T92911', 'AZA-T93020', 'AZA-T93022', 'AZA-T93023', 'AZA-T93025', 'AZA-T93030', 'AZA-T93033', 'AZA-T93034', 'AZA-T93038', 'AZA-T93043', 'AZA-T93048', 'AZA-T93054', 'AZA-T93057', 'AZA-T93058', 'AZA-T93059', 'AZA-T93182', 'AZA-T93184', 'AZA-T93185', 'AZA-T93191', 'AZA-T93712', 'AZA-T93713']"
55,AZA-92181,1232641,[],All OE || FE || Information Message on Portal on Recalculate,"[<JIRA Version: name='Release 15', id='43041'>]",Story,High,,SIT Passed,"['AZA-97047', 'AZA-85609', 'AZA-98655', 'AZA-98655']","['AZA-T96347', 'AZA-T96352', 'AZA-T96353', 'AZA-T96354', 'AZA-T96355', 'AZA-T96356', 'AZA-T96357', 'AZA-T97113']"
56,AZA-91443,1185062,[],Claim Free Template_Renewal Commercial CM (French),"[<JIRA Version: name='Release 15', id='43041'>]",Story,High,Done,Done,['AZA-56768'],"['AZA-T96289', 'AZA-T96290', 'AZA-T96680', 'AZA-T96681']"
57,AZA-91441,1185060,[],Claim Free Template_Renewal Commercial CM (English),"[<JIRA Version: name='Release 15', id='43041'>]",Story,High,Done,Done,['AZA-56780'],"['AZA-T95486', 'AZA-T95498', 'AZA-T96678', 'AZA-T96679']"
58,AZA-91434,1184799,[],Claim Free Template_Renewal - Commercial MG,"[<JIRA Version: name='Release 15', id='43041'>]",Story,Minor,Done,Done,"['AZA-97048', 'AZA-61742']","['AZA-T96275', 'AZA-T96276', 'AZA-T96676', 'AZA-T96677']"
59,AZA-91415,1184530,[],Policy Schedule Output Document _ Renewal_ Commercial_CM (French Version),"[<JIRA Version: name='Release 15', id='43041'>]",Story,Minor,Done,Done,"['AZA-96776', 'AZA-97913', 'AZA-62047', 'AZA-54445']","['AZA-T95253', 'AZA-T95434', 'AZA-T96008', 'AZA-T96009', 'AZA-T96012']"
60,AZA-91335,1183582,"[<JIRA Component: name='RAP', id='21597'>]",Transaction Offer,"[<JIRA Version: name='Release 15', id='43041'>]",Story,Major,Done,Done,[],"['AZA-T96090', 'AZA-T96092']"
61,AZA-91334,1183581,"[<JIRA Component: name='RAP', id='21597'>]",Payment Types,"[<JIRA Version: name='Release 15', id='43041'>]",Story,Major,Done,Done,[],"['AZA-T96753', 'AZA-T96755', 'AZA-T97018', 'AZA-T97019', 'AZA-T97943', 'AZA-T98242']"
62,AZA-91333,1183580,"[<JIRA Component: name='RAP', id='21597'>]",Medical Expert Assignment,"[<JIRA Version: name='Release 15', id='43041'>]",Story,Major,Done,Done,[],"['AZA-T96115', 'AZA-T96116']"
63,AZA-91331,1183578,"[<JIRA Component: name='RAP', id='21597'>]",Loss Type and Loss cause - Water Damage(Water business),"[<JIRA Version: name='Release 15', id='43041'>]",Story,Major,Done,Done,['AZA-95143'],"['AZA-T95021', 'AZA-T95022', 'AZA-T95058', 'AZA-T95059']"
64,AZA-91330,1183577,"[<JIRA Component: name='RAP', id='21597'>]",Loss Type and Loss cause - Theft-Burglary business,"[<JIRA Version: name='Release 15', id='43041'>]",Story,Major,Done,Done,[],"['AZA-T95038', 'AZA-T95040', 'AZA-T95081', 'AZA-T95082']"
65,AZA-91329,1183576,"[<JIRA Component: name='RAP', id='21597'>]",Loss Type and Loss cause - Public/general Liabilty-Business liability,"[<JIRA Version: name='Release 15', id='43041'>]",Story,Major,Done,Done,['AZA-95170'],"['AZA-T95027', 'AZA-T95030', 'AZA-T95085', 'AZA-T95086']"
66,AZA-91328,1183575,"[<JIRA Component: name='RAP', id='21597'>]",Loss Type and Loss cause - Professional Indemnity(Assets loss liability),"[<JIRA Version: name='Release 15', id='43041'>]",Story,Major,Done,Done,[],"['AZA-T95023', 'AZA-T95024', 'AZA-T95060', 'AZA-T95061']"
67,AZA-91327,1183574,"[<JIRA Component: name='RAP', id='21597'>]",Loss Type and Loss cause - Product Liability,"[<JIRA Version: name='Release 15', id='43041'>]",Story,Major,Done,Done,[],"['AZA-T95025', 'AZA-T95026', 'AZA-T95062', 'AZA-T95063']"
68,AZA-91326,1183573,"[<JIRA Component: name='RAP', id='21597'>]",Loss Type and Loss cause - Machine Breakdown,"[<JIRA Version: name='Release 15', id='43041'>]",Story,Major,Done,Done,[],"['AZA-T95028', 'AZA-T95029', 'AZA-T95064', 'AZA-T95065']"
69,AZA-91325,1183572,"[<JIRA Component: name='RAP', id='21597'>]",Loss Type and Loss cause - Legal Protection,"[<JIRA Version: name='Release 15', id='43041'>]",Story,Major,Done,Done,[],"['AZA-T95032', 'AZA-T95033', 'AZA-T95066', 'AZA-T95067']"
70,AZA-91324,1183570,"[<JIRA Component: name='RAP', id='21597'>]",Loss Type and Loss cause - Glass Breakage,"[<JIRA Version: name='Release 15', id='43041'>]",Story,Major,Done,Done,[],"['AZA-T95034', 'AZA-T95035', 'AZA-T95070', 'AZA-T95071']"
71,AZA-91323,1183569,"[<JIRA Component: name='RAP', id='21597'>]",Loss Type and Loss cause - Fire and Associated risk,"[<JIRA Version: name='Release 15', id='43041'>]",Story,Major,Done,Done,[],"['AZA-T95037', 'AZA-T95039', 'AZA-T95074', 'AZA-T95077']"
72,AZA-91322,1183568,"[<JIRA Component: name='RAP', id='21597'>]",Loss Type and Loss cause - Computer all risk,"[<JIRA Version: name='Release 15', id='43041'>]",Story,Major,Done,Done,[],"['AZA-T95043', 'AZA-T95044', 'AZA-T95078', 'AZA-T95079']"
73,AZA-91321,1183567,"[<JIRA Component: name='RAP', id='21597'>]",Loss Type and Loss cause  - Social Hazard(Extended risk civil),"[<JIRA Version: name='Release 15', id='43041'>]",Story,Major,Done,Done,[],"['AZA-T95050', 'AZA-T95051', 'AZA-T95075', 'AZA-T95076']"
74,AZA-91320,1183566,"[<JIRA Component: name='RAP', id='21597'>]",Loss Type and Loss cause  - Natural Hazard(Natural Perils Loss),"[<JIRA Version: name='Release 15', id='43041'>]",Story,Major,Done,Done,['AZA-95203'],"['AZA-T95045', 'AZA-T95046', 'AZA-T95072', 'AZA-T95073']"
75,AZA-91319,1183565,"[<JIRA Component: name='RAP', id='21597'>]",Loss Type and Loss cause  - Business Interuption(Loss of profit BI),"[<JIRA Version: name='Release 15', id='43041'>]",Story,Major,Done,Done,[],"['AZA-T95053', 'AZA-T95054', 'AZA-T95068', 'AZA-T95069']"
76,AZA-91318,1183564,"[<JIRA Component: name='RAP', id='21597'>]",Loss Adjuster Assignment,"[<JIRA Version: name='Release 15', id='43041'>]",Story,Major,Done,Done,[],"['AZA-T96093', 'AZA-T96095']"
77,AZA-91317,1183563,"[<JIRA Component: name='RAP', id='21597'>]",Litigation offer,"[<JIRA Version: name='Release 15', id='43041'>]",Story,Major,Done,Done,[],"['AZA-T96097', 'AZA-T96098']"
78,AZA-91316,1183562,"[<JIRA Component: name='RAP', id='21597'>]",Litigation Handling Process,"[<JIRA Version: name='Release 15', id='43041'>]",Story,Major,Done,Done,[],"['AZA-T96363', 'AZA-T96801']"
79,AZA-91315,1183561,"[<JIRA Component: name='RAP', id='21597'>]",Lawyer Assignment,"[<JIRA Version: name='Release 15', id='43041'>]",Story,Major,Done,Done,[],"['AZA-T96099', 'AZA-T96100']"
80,AZA-91314,1183560,"[<JIRA Component: name='RAP', id='21597'>]",Invoice Assignment,"[<JIRA Version: name='Release 15', id='43041'>]",Story,Major,Done,Done,[],"['AZA-T96103', 'AZA-T96104']"
81,AZA-91313,1183559,"[<JIRA Component: name='RAP', id='21597'>]",Investigator Assignment,"[<JIRA Version: name='Release 15', id='43041'>]",Story,Major,Done,Done,[],"['AZA-T96107', 'AZA-T96109']"
82,AZA-91312,1183558,"[<JIRA Component: name='RAP', id='21597'>]",Friendly Litigation offer,"[<JIRA Version: name='Release 15', id='43041'>]",Story,Major,Done,Done,[],"['AZA-T96111', 'AZA-T96112']"
83,AZA-91311,1183557,"[<JIRA Component: name='RAP', id='21597'>]",Fraud Handling Process,"[<JIRA Version: name='Release 15', id='43041'>]",Story,Major,Done,Done,[],"['AZA-T96369', 'AZA-T96800']"
84,AZA-91310,1183556,[],"Configure a generic schedule task: "" Claim follow up","[<JIRA Version: name='Release 15', id='43041'>]",Story,Major,Done,Done,['AZA-96656'],"['AZA-T96644', 'AZA-T96645', 'AZA-T96996']"
85,AZA-91309,1183555,"[<JIRA Component: name='RAP', id='21597'>]",Commercial Claim reserve split,"[<JIRA Version: name='Release 15', id='43041'>]",Story,Major,Done,Done,[],"['AZA-T96738', 'AZA-T96740', 'AZA-T96741', 'AZA-T96744', 'AZA-T97020', 'AZA-T97021']"
86,AZA-91308,1183554,"[<JIRA Component: name='RAP', id='21597'>]",Co-insurance alert message,"[<JIRA Version: name='Release 15', id='43041'>]",Story,Major,Done,Done,[],"['AZA-T96809', 'AZA-T96810']"
87,AZA-91307,1183553,"[<JIRA Component: name='RAP', id='21597'>]",Claim questions,"[<JIRA Version: name='Release 15', id='43041'>]",Story,Major,Done,Done,['AZA-95128'],"['AZA-T95048', 'AZA-T95049', 'AZA-T95052']"
88,AZA-91306,1183552,"[<JIRA Component: name='RAP', id='21597'>]",Claim Recourse process,"[<JIRA Version: name='Release 15', id='43041'>]",Story,Major,Done,Done,['AZA-96811'],"['AZA-T96668', 'AZA-T96670', 'AZA-T96799']"
89,AZA-91305,1183551,"[<JIRA Component: name='RAP', id='21597'>]",Claim Profiles - Limit of reserve,"[<JIRA Version: name='Release 15', id='43041'>]",Story,Major,Done,Done,['AZA-97107'],"['AZA-T96084', 'AZA-T96086', 'AZA-T96088', 'AZA-T96089']"
90,AZA-91303,1183549,"[<JIRA Component: name='RAP', id='21597'>]",Claim Domain configuration,"[<JIRA Version: name='Release 15', id='43041'>]",Story,Major,Done,Done,['AZA-96992'],"['AZA-T96974', 'AZA-T96976', 'AZA-T96977', 'AZA-T96978', 'AZA-T96981', 'AZA-T96983', 'AZA-T96985', 'AZA-T96987', 'AZA-T96988']"
91,AZA-91302,1183548,"[<JIRA Component: name='RAP', id='21597'>]",Claim Approval Matrix,"[<JIRA Version: name='Release 15', id='43041'>]",Story,Major,Done,Done,"['AZA-96412', 'AZA-96639', 'AZA-96811', 'AZA-96795']","['AZA-T96274', 'AZA-T96300', 'AZA-T96301', 'AZA-T96302', 'AZA-T96322', 'AZA-T96324']"
92,AZA-91301,1183547,"[<JIRA Component: name='RAP', id='21597'>]",Accountants assignment,"[<JIRA Version: name='Release 15', id='43041'>]",Story,Major,Done,Done,[],"['AZA-T96113', 'AZA-T96114']"
93,AZA-91292,1183226,"[<JIRA Component: name='Portal', id='21596'>, <JIRA Component: name='RAP', id='21597'>]",Nigeria Mono - Installment Functionality Contract,"[<JIRA Version: name='Release 15', id='43041'>]",Story,Major,Done,Done,"['AZA-98895', 'AZA-98893', 'AZA-90563']","['AZA-T98474', 'AZA-T98487', 'AZA-T98488', 'AZA-T98530', 'AZA-T98538', 'AZA-T98540', 'AZA-T98629', 'AZA-T98645', 'AZA-T98647', 'AZA-T98648', 'AZA-T98649', 'AZA-T98651']"
94,AZA-91273,1182769,[],Debit Note Document Product Commercial_IC - New Business and Renewal,"[<JIRA Version: name='Release 15', id='43041'>]",Story,Major,Done,Done,['AZA-97337'],"['AZA-T95499', 'AZA-T95500', 'AZA-T95502', 'AZA-T95504', 'AZA-T96343', 'AZA-T96344', 'AZA-T96351', 'AZA-T96360']"
95,AZA-90874,1148292,"[<JIRA Component: name='Portal', id='21596'>]",Dependency || MA || FE  || FMSAR and Premium Calculation - Approach,"[<JIRA Version: name='Release 15', id='43041'>]",Story,Major,,SIT Passed,"['AZA-98456', 'AZA-98343', 'AZA-98343']",[]
96,AZA-90872,1148290,"[<JIRA Component: name='Portal', id='21596'>]",MA || FE  || Quotation Document - Premium Call ,"[<JIRA Version: name='Release 15', id='43041'>]",Story,Major,,SIT Passed,['AZA-86157'],['AZA-T97196']
97,AZA-90563,1139858,"[<JIRA Component: name='Portal', id='21596'>, <JIRA Component: name='RAP', id='21597'>]",Nigeria Mono - Installment Functionality Output,"[<JIRA Version: name='Release 15', id='43041'>]",Story,Major,Done,Done,['AZA-98907'],"['AZA-T98561', 'AZA-T98563', 'AZA-T98564', 'AZA-T98566', 'AZA-T98573', 'AZA-T98574', 'AZA-T98576', 'AZA-T98580', 'AZA-T98584', 'AZA-T99018']"
98,AZA-90538,1139750,[],Claim Approval Matrix,"[<JIRA Version: name='Release 15', id='43041'>]",Story,Minor,,SIT Passed,"['AZA-96407', 'AZA-96789', 'AZA-90537']","['AZA-T96152', 'AZA-T96153', 'AZA-T96154', 'AZA-T96155', 'AZA-T96552', 'AZA-T96554', 'AZA-T96556', 'AZA-T96559']"
99,AZA-90537,1139745,[],Business Partner,"[<JIRA Version: name='Release 15', id='43041'>]",Story,Minor,Done,Done,"['AZA-90535', 'AZA-60127']","['AZA-T94008', 'AZA-T94009', 'AZA-T96041', 'AZA-T96056']"
100,AZA-90535,1139743,[],Person Domain Value,"[<JIRA Version: name='Release 15', id='43041'>]",Story,Minor,Done,Done,"['AZA-90534', 'AZA-94069']","['AZA-T94018', 'AZA-T94019', 'AZA-T94020', 'AZA-T94025', 'AZA-T96296', 'AZA-T96297', 'AZA-T96298', 'AZA-T96299']"
101,AZA-90534,1139742,[],Person Mandatory Field,"[<JIRA Version: name='Release 15', id='43041'>]",Story,Minor,Done,Done,['AZA-90533'],"['AZA-T95999', 'AZA-T96000', 'AZA-T96002', 'AZA-T96003', 'AZA-T96486', 'AZA-T96487']"
102,AZA-90533,1139741,[],Person Address structure,"[<JIRA Version: name='Release 15', id='43041'>]",Story,Minor,Done,Done,['AZA-90524'],"['AZA-T93956', 'AZA-T93957', 'AZA-T94010', 'AZA-T94014', 'AZA-T96291', 'AZA-T96292', 'AZA-T96293', 'AZA-T96294']"
103,AZA-90531,1139738,[],Process slip Claim,"[<JIRA Version: name='Release 15', id='43041'>]",Story,Minor,,SIT Passed,"['AZA-96789', 'AZA-90530']","['AZA-T96552', 'AZA-T96554', 'AZA-T96556', 'AZA-T96559', 'AZA-T96651', 'AZA-T96652', 'AZA-T96653', 'AZA-T96654']"
104,AZA-90530,1139736,[],Sales Hierarchy,"[<JIRA Version: name='Release 15', id='43041'>]",Story,Minor,Done,Done,['AZA-90529'],"['AZA-T95204', 'AZA-T96083']"
105,AZA-90529,1139734,[],Finance Orga Configuration,"[<JIRA Version: name='Release 15', id='43041'>]",Story,Minor,Done,Done,"['AZA-95205', 'AZA-90528']","['AZA-T95761', 'AZA-T95764', 'AZA-T95765', 'AZA-T96266', 'AZA-T96267', 'AZA-T96268']"
106,AZA-90528,1139733,[],Claim Orga Configuration,"[<JIRA Version: name='Release 15', id='43041'>]",Story,Minor,Done,Done,['AZA-90527'],"['AZA-T96102', 'AZA-T96105', 'AZA-T96106', 'AZA-T96110', 'AZA-T96478', 'AZA-T96481', 'AZA-T96482', 'AZA-T96483']"
107,AZA-90527,1139731,[],Underwriting Orga Configuration,"[<JIRA Version: name='Release 15', id='43041'>]",Story,Minor,Done,Done,"['AZA-95587', 'AZA-90524']","['AZA-T95515', 'AZA-T95581', 'AZA-T96263', 'AZA-T96265']"
108,AZA-90524,1139726,[],List Of Internal User,"[<JIRA Version: name='Release 15', id='43041'>]",Story,Minor,Done,Done,[],[]
109,AZA-90211,1125335,[],Debit Note - NG Fleet Renewal,"[<JIRA Version: name='Release 15', id='43041'>]",Story,High,Done,Done,"['AZA-96661', 'AZA-98135', 'AZA-70159']","['AZA-T95614', 'AZA-T95666', 'AZA-T95669', 'AZA-T95672', 'AZA-T96610', 'AZA-T96614', 'AZA-T96637']"
110,AZA-90197,1125317,[], Policy Schedule  NG Fleet Renewal,"[<JIRA Version: name='Release 15', id='43041'>]",Story,Minor,Done,Done,"['AZA-98021', 'AZA-70161', 'AZA-98384']","['AZA-T96323', 'AZA-T96337', 'AZA-T96340', 'AZA-T96341', 'AZA-T98531', 'AZA-T98532', 'AZA-T98533', 'AZA-T98535', 'AZA-T98536', 'AZA-T98537', 'AZA-T98539']"
111,AZA-90185,1125297,"[<JIRA Component: name='RAP', id='21597'>]",Display Gross premium on fleet Annexure Allianz Nigeria - Renewal,"[<JIRA Version: name='Release 15', id='43041'>]",Story,Major,Done,Done,"['AZA-98003', 'AZA-72747', 'AZA-98384']","['AZA-T96323', 'AZA-T96337', 'AZA-T96340', 'AZA-T96341', 'AZA-T98531', 'AZA-T98532', 'AZA-T98533', 'AZA-T98535', 'AZA-T98536', 'AZA-T98537', 'AZA-T98539']"
112,AZA-90172,1125283,[],Mass Certificates - NG Fleet Renewal,"[<JIRA Version: name='Release 15', id='43041'>]",Story,Major,Done,Done,"['AZA-97821', 'AZA-96975', 'AZA-97754', 'AZA-82509']","['AZA-T90161', 'AZA-T91016', 'AZA-T96374', 'AZA-T96375', 'AZA-T96376', 'AZA-T96377', 'AZA-T96378', 'AZA-T96379', 'AZA-T96380', 'AZA-T96381', 'AZA-T96382', 'AZA-T96383', 'AZA-T96750', 'AZA-T96759', 'AZA-T96763', 'AZA-T96766', 'AZA-T96767', 'AZA-T96769', 'AZA-T96770', 'AZA-T96771', 'AZA-T96772', 'AZA-T96773', 'AZA-T96774']"
113,AZA-86922,1065820,"[<JIRA Component: name='RAP', id='21597'>]",Initial story to: Rebooking of premium,"[<JIRA Version: name='Release 15', id='43041'>]",Story,Major,Done,Done,['AZA-96411'],"['AZA-T95501', 'AZA-T95508', 'AZA-T95534', 'AZA-T95538', 'AZA-T96402', 'AZA-T96413', 'AZA-T96475', 'AZA-T96476', 'AZA-T96479', 'AZA-T96484', 'AZA-T96485', 'AZA-T96488', 'AZA-T96526', 'AZA-T96527', 'AZA-T96539', 'AZA-T96553', 'AZA-T96557', 'AZA-T96558', 'AZA-T96643', 'AZA-T96646', 'AZA-T96647', 'AZA-T96649']"
114,AZA-86916,1065814,"[<JIRA Component: name='RAP', id='21597'>]",Commission calculation-Cancellation and Amendment,"[<JIRA Version: name='Release 15', id='43041'>]",Story,Major,Done,Done,['AZA-97912'],"['AZA-T96305', 'AZA-T96306', 'AZA-T96307', 'AZA-T96346', 'AZA-T96350', 'AZA-T96362', 'AZA-T96364', 'AZA-T96366', 'AZA-T96367', 'AZA-T96370', 'AZA-T96386', 'AZA-T96388', 'AZA-T96390', 'AZA-T96391', 'AZA-T96394', 'AZA-T96395', 'AZA-T96396', 'AZA-T96397', 'AZA-T98392', 'AZA-T98393', 'AZA-T98394', 'AZA-T98395', 'AZA-T98396', 'AZA-T98397', 'AZA-T98398', 'AZA-T98399', 'AZA-T98400', 'AZA-T98401', 'AZA-T98402', 'AZA-T98403']"
115,AZA-86910,1065809,"[<JIRA Component: name='RAP', id='21597'>]",Commission Calculation for GEA Amendment,"[<JIRA Version: name='Release 15', id='43041'>]",Story,Major,Done,Done,[],"['AZA-T95165', 'AZA-T95169', 'AZA-T95174', 'AZA-T95178', 'AZA-T95181', 'AZA-T95185', 'AZA-T98490', 'AZA-T98491', 'AZA-T98492', 'AZA-T98493', 'AZA-T98494', 'AZA-T98495', 'AZA-T98496', 'AZA-T98497', 'AZA-T98498', 'AZA-T98499', 'AZA-T98500', 'AZA-T98501', 'AZA-T98502', 'AZA-T98503', 'AZA-T98504', 'AZA-T98505', 'AZA-T98506', 'AZA-T98507', 'AZA-T98508', 'AZA-T98509', 'AZA-T98510', 'AZA-T98511', 'AZA-T98512', 'AZA-T98513', 'AZA-T98514', 'AZA-T98515', 'AZA-T98516', 'AZA-T98517', 'AZA-T98518', 'AZA-T98519', 'AZA-T98567', 'AZA-T98572', 'AZA-T98582', 'AZA-T98594', 'AZA-T98595', 'AZA-T98596', 'AZA-T98597', 'AZA-T98608', 'AZA-T98610', 'AZA-T98616', 'AZA-T98620', 'AZA-T98621', 'AZA-T98622', 'AZA-T98623']"
116,AZA-86907,1065801,"[<JIRA Component: name='RAP', id='21597'>]",Initial story to: Commission booking in commission account balance after premium booked,"[<JIRA Version: name='Release 15', id='43041'>]",Story,Major,Done,Done,['AZA-98404'],"['AZA-T95773', 'AZA-T95774', 'AZA-T95775', 'AZA-T98075', 'AZA-T98076', 'AZA-T98077', 'AZA-T98078', 'AZA-T98079', 'AZA-T98080', 'AZA-T98081', 'AZA-T98082', 'AZA-T98083', 'AZA-T98084', 'AZA-T98085', 'AZA-T98086', 'AZA-T98087', 'AZA-T98088', 'AZA-T98089']"
117,AZA-86903,1065695,"[<JIRA Component: name='RAP', id='21597'>]",Initial story to: Bank accounts details template ,"[<JIRA Version: name='Release 15', id='43041'>]",Story,Major,Done,Done,[],"['AZA-T95751', 'AZA-T95757', 'AZA-T95762', 'AZA-T95769', 'AZA-T96594', 'AZA-T96595', 'AZA-T96596', 'AZA-T96597', 'AZA-T96598', 'AZA-T96599', 'AZA-T96600', 'AZA-T96601', 'AZA-T96602', 'AZA-T97424']"
118,AZA-86297,1056279,[],Multi class - Limitation of indemnity agreement LCI [AC-261120],"[<JIRA Version: name='Release 15', id='43041'>]",Story,Minor,Done,Done,"['AZA-85731', 'AZA-85744', 'AZA-85776', 'AZA-85867', 'AZA-85920', 'AZA-85938', 'AZA-85946', 'AZA-85954', 'AZA-85995', 'AZA-86079', 'AZA-90956', 'AZA-90959', 'AZA-90960', 'AZA-91024', 'AZA-91167', 'AZA-86164', 'AZA-56448', 'AZA-53683']","['AZA-T85703', 'AZA-T85706', 'AZA-T85710', 'AZA-T85712', 'AZA-T85713', 'AZA-T85716', 'AZA-T85740', 'AZA-T85873', 'AZA-T85952', 'AZA-T90908', 'AZA-T90912', 'AZA-T97941', 'AZA-T98007']"
119,AZA-85606,1047282,[],FE || GEA Amendment - Changes - Convert to Single Page,"[<JIRA Version: name='Release 15', id='43041'>]",Story,High,,SIT Passed,"['AZA-97684', 'AZA-97803', 'AZA-96408', 'AZA-96936', 'AZA-97895', 'AZA-96393', 'AZA-96400', 'AZA-96339', 'AZA-96345', 'AZA-98052', 'AZA-72701', 'AZA-98260', 'AZA-98260']","['AZA-T34642', 'AZA-T66963', 'AZA-T68104', 'AZA-T68175', 'AZA-T97797', 'AZA-T97843', 'AZA-T97844', 'AZA-T97845', 'AZA-T97846', 'AZA-T97847', 'AZA-T97850', 'AZA-T97851', 'AZA-T97852', 'AZA-T97856']"
120,AZA-85572,1046614,"[<JIRA Component: name='Configuration', id='22211'>]",Reinsurance - Amendments_IC,"[<JIRA Version: name='Release 15', id='43041'>]",Story,High,Done,Done,[],"['AZA-T95245', 'AZA-T95248', 'AZA-T95503', 'AZA-T97226', 'AZA-T97228', 'AZA-T97233', 'AZA-T97237']"
121,AZA-85570,1046595,[],Emergency Contact 1 and 2 for Commercial LoB_IC,"[<JIRA Version: name='Release 15', id='43041'>]",Story,Minor,Done,Done,[],"['AZA-T95254', 'AZA-T95261', 'AZA-T95936']"
122,AZA-85567,1046592,[],Translation for Commercial Product_IC,"[<JIRA Version: name='Release 15', id='43041'>]",Story,Minor,Done,Done,"['AZA-96615', 'AZA-96655', 'AZA-96706']","['AZA-T96562', 'AZA-T96565', 'AZA-T96700', 'AZA-T96739', 'AZA-T96752', 'AZA-T96778']"
123,AZA-85562,1046379,[],Policy Schedule Output Document Commercial_IC - New Business and Renewal,"[<JIRA Version: name='Release 15', id='43041'>]",Story,Minor,Done,Done,"['AZA-97887', 'AZA-98560', 'AZA-97658', 'AZA-97867', 'AZA-97238', 'AZA-97915', 'AZA-97957']","['AZA-T95540', 'AZA-T95578', 'AZA-T96348', 'AZA-T96349', 'AZA-T96662', 'AZA-T96663', 'AZA-T96664', 'AZA-T96665', 'AZA-T96666', 'AZA-T96667', 'AZA-T98055', 'AZA-T98056', 'AZA-T98057', 'AZA-T98058', 'AZA-T98565']"
124,AZA-85561,1046373,[],Insurance certificate Document Product Commercial_IC- New Business and Renewal,"[<JIRA Version: name='Release 15', id='43041'>]",Story,High,Done,Done,[],"['AZA-T95511', 'AZA-T96309', 'AZA-T96310', 'AZA-T96311', 'AZA-T96312', 'AZA-T96313', 'AZA-T96314', 'AZA-T96315', 'AZA-T96316', 'AZA-T96317', 'AZA-T96318', 'AZA-T96319', 'AZA-T96605', 'AZA-T96611', 'AZA-T96612', 'AZA-T96616', 'AZA-T96617', 'AZA-T96618', 'AZA-T96619', 'AZA-T96622', 'AZA-T96623', 'AZA-T96638']"
125,AZA-85560,1046348,[],Back office_Discounts and surcharges_IC,"[<JIRA Version: name='Release 15', id='43041'>]",Story,Minor,Done,Done,[],"['AZA-T95526', 'AZA-T95527', 'AZA-T97051', 'AZA-T97052', 'AZA-T99085', 'AZA-T99086']"
126,AZA-85559,1046344,[],Creditor information,"[<JIRA Version: name='Release 15', id='43041'>]",Story,Minor,Done,Done,['AZA-96819'],"['AZA-T95184', 'AZA-T96277', 'AZA-T96295', 'AZA-T96336', 'AZA-T96342']"
127,AZA-85558,1046335,[],Back office_File upload-contract creation_IC,"[<JIRA Version: name='Release 15', id='43041'>]",Story,Minor,Done,Done,[],"['AZA-T95201', 'AZA-T95202', 'AZA-T95922', 'AZA-T95923', 'AZA-T95926', 'AZA-T95927']"
128,AZA-85501,1046042,[],Back office_Expert file enabling_IC,"[<JIRA Version: name='Release 15', id='43041'>]",Story,Minor,Done,Done,['AZA-96389'],"['AZA-T95661', 'AZA-T95816', 'AZA-T95817', 'AZA-T95818']"
129,AZA-85496,1046017,"[<JIRA Component: name='Configuration', id='22211'>]",Back office_Coinsurance Handling_IC,"[<JIRA Version: name='Release 15', id='43041'>]",Story,Minor,Done,Done,"['AZA-96428', 'AZA-96571', 'AZA-96585', 'AZA-96608', 'AZA-96615']","['AZA-T96057', 'AZA-T96070', 'AZA-T96401', 'AZA-T96414', 'AZA-T96416']"
130,AZA-85493,1046011,[],Ability to clone quote_IC,"[<JIRA Version: name='Release 15', id='43041'>]",Story,Minor,Done,Done,[],"['AZA-T95688', 'AZA-T95745', 'AZA-T95843', 'AZA-T95868']"
131,AZA-85480,1045873,[],Back office_Contract cancellation_IC,"[<JIRA Version: name='Release 15', id='43041'>]",Story,Minor,Done,Done,['AZA-96699'],"['AZA-T95195', 'AZA-T95197', 'AZA-T95198', 'AZA-T95663', 'AZA-T95667', 'AZA-T95711', 'AZA-T97030', 'AZA-T97042', 'AZA-T97043', 'AZA-T97044', 'AZA-T97045', 'AZA-T97046']"
132,AZA-85476,1045841,[],Quota share Reinsurance_IC,"[<JIRA Version: name='Release 15', id='43041'>]",Story,Minor,Done,Done,[],"['AZA-T97450', 'AZA-T97453', 'AZA-T97454', 'AZA-T97455', 'AZA-T97457', 'AZA-T97458', 'AZA-T97459', 'AZA-T97461', 'AZA-T97472']"
133,AZA-85473,1045835,[],Back office_Manual/Renewal Renewal_IC,"[<JIRA Version: name='Release 15', id='43041'>]",Story,Minor,Done,Done,[],"['AZA-T95164', 'AZA-T95167', 'AZA-T95168', 'AZA-T95175', 'AZA-T96543', 'AZA-T96545', 'AZA-T96546', 'AZA-T96548']"
134,AZA-85468,1045799,[],Individual Agreements_IC,"[<JIRA Version: name='Release 15', id='43041'>]",Story,Minor,Done,Done,[],"['AZA-T95114', 'AZA-T95993', 'AZA-T96729', 'AZA-T96790']"
135,AZA-85462,1045778,[],Back office_Product Structure and product configuration_IC,"[<JIRA Version: name='Release 15', id='43041'>]",Story,High,Done,Done,"['AZA-95772', 'AZA-96551']","['AZA-T95056', 'AZA-T95080', 'AZA-T95083', 'AZA-T95084', 'AZA-T95087', 'AZA-T95089', 'AZA-T95090', 'AZA-T95091', 'AZA-T95092', 'AZA-T95093', 'AZA-T95095', 'AZA-T95097', 'AZA-T95098', 'AZA-T95586', 'AZA-T95662', 'AZA-T95780', 'AZA-T96016', 'AZA-T96039', 'AZA-T96055']"
136,AZA-85461,1045761,[],Back office_Insured Object Creation and details in object information_IC,"[<JIRA Version: name='Release 15', id='43041'>]",Story,Minor,Done,Done,[],"['AZA-T95510', 'AZA-T95513', 'AZA-T95514', 'AZA-T95519', 'AZA-T95520', 'AZA-T95521', 'AZA-T97184', 'AZA-T97185', 'AZA-T97186', 'AZA-T97187', 'AZA-T97276', 'AZA-T97277']"
137,AZA-85459,1045747,[],Back office_Non technical amendment_IC,"[<JIRA Version: name='Release 15', id='43041'>]",Story,Minor,Done,Done,[],"['AZA-T95177', 'AZA-T95180', 'AZA-T96641', 'AZA-T96642']"
138,AZA-85453,1045718,[],Back office_Reinsurance Handling_IC,"[<JIRA Version: name='Release 15', id='43041'>]",Story,Minor,Done,Done,[],"['AZA-T96040', 'AZA-T97460', 'AZA-T97733', 'AZA-T97735', 'AZA-T97745', 'AZA-T97746', 'AZA-T97747']"
139,AZA-85451,1045715,[],Back office_Technical amendments_IC,"[<JIRA Version: name='Release 15', id='43041'>]",Story,Minor,Done,Done,"['AZA-96245', 'AZA-98015']","['AZA-T95159', 'AZA-T95160', 'AZA-T95163', 'AZA-T95626', 'AZA-T96701', 'AZA-T96702']"
140,AZA-85450,1045708,[],"Installments, Subsequent invoicing information_IC","[<JIRA Version: name='Release 15', id='43041'>]",Story,Minor,Done,Done,[],"['AZA-T95152', 'AZA-T95153', 'AZA-T95155', 'AZA-T95156', 'AZA-T95158', 'AZA-T97024', 'AZA-T97025', 'AZA-T97026']"
141,AZA-85447,1045703,[],Back office_Check signed documents_IC,"[<JIRA Version: name='Release 15', id='43041'>]",Story,Minor,Done,Done,['AZA-97328'],"['AZA-T95116', 'AZA-T95123', 'AZA-T95125']"
142,AZA-85303,1044393,"[<JIRA Component: name='Configuration', id='22211'>]",Back office_Process slips_IC,"[<JIRA Version: name='Release 15', id='43041'>]",Story,Major,Done,Done,[],"['AZA-T95899', 'AZA-T95901', 'AZA-T95906', 'AZA-T95920', 'AZA-T95925', 'AZA-T95928', 'AZA-T95930', 'AZA-T95933', 'AZA-T95935', 'AZA-T95937', 'AZA-T96004', 'AZA-T96005', 'AZA-T96006', 'AZA-T96010', 'AZA-T96011', 'AZA-T96013', 'AZA-T97122', 'AZA-T97157', 'AZA-T97165', 'AZA-T97178', 'AZA-T97183', 'AZA-T97231', 'AZA-T97234', 'AZA-T97296', 'AZA-T97297', 'AZA-T97327', 'AZA-T97372', 'AZA-T97378', 'AZA-T97396', 'AZA-T99070', 'AZA-T99074', 'AZA-T99075', 'AZA-T99077', 'AZA-T99078', 'AZA-T99080']"
143,AZA-85074,1042330,"[<JIRA Component: name='RAP', id='21597'>]",CI - Automated coverage check- premium level,"[<JIRA Version: name='Release 15', id='43041'>]",Story,High,Done,Done,[],"['AZA-T96500', 'AZA-T96501']"
144,AZA-83189,1015422,"[<JIRA Component: name='RAP', id='21597'>]",Multi-currency claim - Nigeria & Ghana,"[<JIRA Version: name='Release 15', id='43041'>]",Story,High,Done,Done,"['AZA-93127', 'AZA-93462', 'AZA-93474', 'AZA-93028', 'AZA-93111', 'AZA-93060', 'AZA-96806']","['AZA-T92964', 'AZA-T92970', 'AZA-T92976', 'AZA-T92986', 'AZA-T92992', 'AZA-T92993', 'AZA-T92994', 'AZA-T93237', 'AZA-T93378', 'AZA-T93379', 'AZA-T93382', 'AZA-T93385', 'AZA-T93507', 'AZA-T93513', 'AZA-T93518', 'AZA-T93561', 'AZA-T97462', 'AZA-T97465', 'AZA-T97466', 'AZA-T97470', 'AZA-T97473', 'AZA-T97474', 'AZA-T97475', 'AZA-T97476', 'AZA-T97477', 'AZA-T97478', 'AZA-T97479', 'AZA-T97480']"
145,AZA-82783,1010824,"[<JIRA Component: name='RAP', id='21597'>]",Reactivation of Backdate policies Validation,"[<JIRA Version: name='Release 15', id='43041'>]",Story,Major,Done,Done,['AZA-75728'],"['AZA-T95088', 'AZA-T95100']"
146,AZA-81545,987390,"[<JIRA Component: name='HOST', id='21591'>]",Batch:--GRP file creation and validation,"[<JIRA Version: name='Release 15', id='43041'>]",Story,Major,,Deployed in PreProd,"['AZA-91715', 'AZA-93800', 'AZA-93801', 'AZA-93802', 'AZA-93829', 'AZA-93837', 'AZA-93975', 'AZA-95251', 'AZA-97541', 'AZA-81544']","['AZA-T95664', 'AZA-T95665', 'AZA-T95668', 'AZA-T95670', 'AZA-T95671', 'AZA-T95673', 'AZA-T95687', 'AZA-T97660']"
147,AZA-81052,983904,"[<JIRA Component: name='RAP', id='21597'>]",Initial story to: Re-Insurance Commission Calculation|Ghana & Nigeria  |  AC-259828,"[<JIRA Version: name='Release 15', id='43041'>]",Story,Major,,Deployed in PreProd,['AZA-98611'],"['AZA-T93132', 'AZA-T93133', 'AZA-T93134', 'AZA-T93135', 'AZA-T96781', 'AZA-T96783', 'AZA-T97174', 'AZA-T98731', 'AZA-T98732', 'AZA-T98733', 'AZA-T98734', 'AZA-T98735', 'AZA-T98736', 'AZA-T98737', 'AZA-T98738', 'AZA-T98739', 'AZA-T98740', 'AZA-T98741', 'AZA-T98742', 'AZA-T98743', 'AZA-T98744', 'AZA-T98745', 'AZA-T98746', 'AZA-T98747', 'AZA-T98748', 'AZA-T98749', 'AZA-T98750', 'AZA-T98751', 'AZA-T98752', 'AZA-T98753']"
148,AZA-79953,973672,[],"Back office_Reinsurance Handling_GH_USD currency   [AC-260217, AC-259828]","[<JIRA Version: name='Release 15', id='43041'>]",Story,Minor,Done,Done,"['AZA-98256', 'AZA-98256']","['AZA-T90298', 'AZA-T91221', 'AZA-T97784', 'AZA-T97786', 'AZA-T97789', 'AZA-T97798', 'AZA-T97807', 'AZA-T97831', 'AZA-T97855']"
149,AZA-77258,947352,"[<JIRA Component: name='RAP', id='21597'>]",Initial story to: Secures the reserving of claims to avoid inflation of claim load,"[<JIRA Version: name='Release 15', id='43041'>]",Story,Major,Done,Done,[],[]
150,AZA-72309,872288,[],Core upgrade 20.5 deprecated change details,"[<JIRA Version: name='Release 15', id='43041'>]",Story,High,,SIT Passed,['AZA-72308'],[]
151,AZA-71235,849444,"[<JIRA Component: name='SOA', id='21598'>]",SOA to IPC migration for MobileMoney service,"[<JIRA Version: name='Release 15', id='43041'>]",Story,Minor,Done,Done,"['AZA-92226', 'AZA-93609']","['AZA-T100735', 'AZA-T33329', 'AZA-T78179', 'AZA-T78181', 'AZA-T78182', 'AZA-T81499', 'AZA-T81500', 'AZA-T81501', 'AZA-T81502', 'AZA-T81503', 'AZA-T81504', 'AZA-T81505', 'AZA-T81506', 'AZA-T81507', 'AZA-T81509', 'AZA-T85043', 'AZA-T85045', 'AZA-T85048', 'AZA-T85049', 'AZA-T85050', 'AZA-T85052', 'AZA-T85053', 'AZA-T86664', 'AZA-T91559', 'AZA-T91618', 'AZA-T91625', 'AZA-T91630', 'AZA-T91759', 'AZA-T91761', 'AZA-T91762', 'AZA-T92602', 'AZA-T92618', 'AZA-T93983', 'AZA-T93985', 'AZA-T94625', 'AZA-T95998', 'AZA-T96001', 'AZA-T96014', 'AZA-T96042', 'AZA-T96503', 'AZA-T96540', 'AZA-T96542', 'AZA-T96549', 'AZA-T97471']"
152,AZA-56755,813699,[],Claim Free Template Commercial IC - New Business and Renewal,"[<JIRA Version: name='Release 15', id='43041'>]",Story,Minor,Done,Done,['AZA-54349'],"['AZA-T95264', 'AZA-T95269', 'AZA-T95271', 'AZA-T95279', 'AZA-T96672', 'AZA-T96673', 'AZA-T96674', 'AZA-T96675']"
153,AZA-32415,789570,[],UPR & DAC,"[<JIRA Version: name='Release 15', id='43041'>]",Story,High,,Deployed in PreProd,"['AZA-50018', 'AZA-50018', 'AZA-52649', 'AZA-52649', 'AZA-60744', 'AZA-60744', 'AZA-63307', 'AZA-63307', 'AZA-65923', 'AZA-65923', 'AZA-66257', 'AZA-66257', 'AZA-65950', 'AZA-92727', 'AZA-92860', 'AZA-92984', 'AZA-93537', 'AZA-92956', 'AZA-93145', 'AZA-95516', 'AZA-21558', 'AZA-49313', 'AZA-49313', 'AZA-49423', 'AZA-49423', 'AZA-49787', 'AZA-66483']","['AZA-T49787', 'AZA-T98180', 'AZA-T98186', 'AZA-T98187', 'AZA-T98189', 'AZA-T98190', 'AZA-T98193', 'AZA-T98195', 'AZA-T98196', 'AZA-T98198', 'AZA-T98199', 'AZA-T98201', 'AZA-T98203', 'AZA-T98205', 'AZA-T98208', 'AZA-T98244', 'AZA-T98250', 'AZA-T98251', 'AZA-T98252', 'AZA-T98253', 'AZA-T98254', 'AZA-T98255']"
